-- MariaDB dump 10.19  Distrib 10.4.19-MariaDB, for Linux (x86_64)
--
-- Host: localhost    Database: produx
-- ------------------------------------------------------
-- Server version	10.4.19-MariaDB

/*!40101 SET @OLD_CHARACTER_SET_CLIENT=@@CHARACTER_SET_CLIENT */;
/*!40101 SET @OLD_CHARACTER_SET_RESULTS=@@CHARACTER_SET_RESULTS */;
/*!40101 SET @OLD_COLLATION_CONNECTION=@@COLLATION_CONNECTION */;
/*!40101 SET NAMES utf8mb4 */;
/*!40103 SET @OLD_TIME_ZONE=@@TIME_ZONE */;
/*!40103 SET TIME_ZONE='+00:00' */;
/*!40014 SET @OLD_UNIQUE_CHECKS=@@UNIQUE_CHECKS, UNIQUE_CHECKS=0 */;
/*!40014 SET @OLD_FOREIGN_KEY_CHECKS=@@FOREIGN_KEY_CHECKS, FOREIGN_KEY_CHECKS=0 */;
/*!40101 SET @OLD_SQL_MODE=@@SQL_MODE, SQL_MODE='NO_AUTO_VALUE_ON_ZERO' */;
/*!40111 SET @OLD_SQL_NOTES=@@SQL_NOTES, SQL_NOTES=0 */;

--
-- Table structure for table `acciones`
--

DROP TABLE IF EXISTS `acciones`;
/*!40101 SET @saved_cs_client     = @@character_set_client */;
/*!40101 SET character_set_client = utf8 */;
CREATE TABLE `acciones` (
  `id` bigint(20) unsigned NOT NULL AUTO_INCREMENT,
  `device_id` bigint(20) unsigned NOT NULL,
  `created_at` timestamp NULL DEFAULT NULL,
  `updated_at` timestamp NULL DEFAULT NULL,
  `tipo` tinyint(1) NOT NULL,
  PRIMARY KEY (`id`),
  KEY `acciones_device_id_foreign` (`device_id`),
  CONSTRAINT `acciones_device_id_foreign` FOREIGN KEY (`device_id`) REFERENCES `devices` (`id`) ON DELETE CASCADE
) ENGINE=InnoDB AUTO_INCREMENT=310 DEFAULT CHARSET=utf8mb4 COLLATE=utf8mb4_unicode_ci;
/*!40101 SET character_set_client = @saved_cs_client */;

--
-- Dumping data for table `acciones`
--

LOCK TABLES `acciones` WRITE;
/*!40000 ALTER TABLE `acciones` DISABLE KEYS */;
INSERT INTO `acciones` VALUES (104,19,'2021-05-17 20:34:53','2021-05-17 20:34:53',1),(105,19,'2021-05-17 20:34:54','2021-05-17 20:34:54',0),(106,18,'2021-05-17 20:34:54','2021-05-17 20:34:54',1),(107,18,'2021-05-17 20:34:55','2021-05-17 20:34:55',0),(108,17,'2021-05-17 20:35:09','2021-05-17 20:35:09',1),(109,17,'2021-05-17 20:35:10','2021-05-17 20:35:10',0),(110,19,'2021-05-17 20:35:44','2021-05-17 20:35:44',1),(111,19,'2021-05-17 20:36:52','2021-05-17 20:36:52',0),(112,17,'2021-05-17 20:36:52','2021-05-17 20:36:52',1),(113,17,'2021-05-17 20:36:52','2021-05-17 20:36:52',0),(114,16,'2021-05-17 20:36:54','2021-05-17 20:36:54',1),(115,16,'2021-05-17 20:36:55','2021-05-17 20:36:55',0),(116,16,'2021-05-17 20:38:33','2021-05-17 20:38:33',1),(117,16,'2021-05-17 20:38:35','2021-05-17 20:38:35',0),(118,17,'2021-05-17 20:38:38','2021-05-17 20:38:38',1),(119,17,'2021-05-17 20:38:39','2021-05-17 20:38:39',0),(120,18,'2021-05-17 20:38:42','2021-05-17 20:38:42',1),(121,18,'2021-05-17 20:38:43','2021-05-17 20:38:43',0),(122,19,'2021-05-17 20:38:48','2021-05-17 20:38:48',1),(123,19,'2021-05-17 20:38:49','2021-05-17 20:38:49',0),(124,16,'2021-05-17 20:39:17','2021-05-17 20:39:17',1),(125,16,'2021-05-17 20:39:50','2021-05-17 20:39:50',0),(126,16,'2021-05-17 20:40:44','2021-05-17 20:40:44',1),(127,16,'2021-05-17 20:41:13','2021-05-17 20:41:13',0),(128,17,'2021-05-17 20:41:17','2021-05-17 20:41:17',1),(129,17,'2021-05-17 20:41:31','2021-05-17 20:41:31',0),(130,18,'2021-05-17 20:41:47','2021-05-17 20:41:47',1),(131,18,'2021-05-17 20:41:57','2021-05-17 20:41:57',0),(132,16,'2021-05-17 20:45:06','2021-05-17 20:45:06',1),(133,16,'2021-05-17 20:46:24','2021-05-17 20:46:24',0),(134,16,'2021-05-17 20:46:29','2021-05-17 20:46:29',1),(135,16,'2021-05-17 20:47:42','2021-05-17 20:47:42',0),(136,17,'2021-05-18 13:41:14','2021-05-18 13:41:14',1),(137,17,'2021-05-18 13:42:22','2021-05-18 13:42:22',0),(138,18,'2021-05-18 13:42:29','2021-05-18 13:42:29',1),(139,18,'2021-05-18 13:42:31','2021-05-18 13:42:31',0),(140,18,'2021-05-18 13:42:31','2021-05-18 13:42:31',1),(141,19,'2021-05-18 13:42:35','2021-05-18 13:42:35',1),(142,19,'2021-05-18 13:42:38','2021-05-18 13:42:38',0),(143,18,'2021-05-18 13:43:09','2021-05-18 13:43:09',0),(144,18,'2021-05-18 13:43:09','2021-05-18 13:43:09',1),(145,18,'2021-05-18 13:43:11','2021-05-18 13:43:11',0),(146,18,'2021-05-18 13:43:12','2021-05-18 13:43:12',1),(147,18,'2021-05-18 13:43:13','2021-05-18 13:43:13',0),(148,18,'2021-05-18 13:43:13','2021-05-18 13:43:13',1),(149,18,'2021-05-18 13:43:17','2021-05-18 13:43:17',0),(150,17,'2021-05-18 13:52:26','2021-05-18 13:52:26',1),(151,17,'2021-05-18 13:52:50','2021-05-18 13:52:50',0),(152,18,'2021-05-18 15:27:51','2021-05-18 15:27:51',1),(153,18,'2021-05-18 15:27:54','2021-05-18 15:27:54',0),(154,18,'2021-05-18 15:27:57','2021-05-18 15:27:57',1),(155,18,'2021-05-18 15:28:01','2021-05-18 15:28:01',0),(156,17,'2021-05-18 16:29:59','2021-05-18 16:29:59',1),(157,17,'2021-05-18 16:55:18','2021-05-18 16:55:18',1),(158,17,'2021-05-18 16:55:51','2021-05-18 16:55:51',0),(159,17,'2021-05-18 16:55:54','2021-05-18 16:55:54',1),(160,17,'2021-05-18 16:55:57','2021-05-18 16:55:57',1),(161,17,'2021-05-18 16:56:00','2021-05-18 16:56:00',0),(162,18,'2021-05-18 16:56:52','2021-05-18 16:56:52',1),(163,18,'2021-05-18 16:59:54','2021-05-18 16:59:54',1),(164,18,'2021-05-18 17:01:59','2021-05-18 17:01:59',1),(165,19,'2021-05-18 17:05:51','2021-05-18 17:05:51',1),(166,19,'2021-05-18 17:05:52','2021-05-18 17:05:52',0),(167,18,'2021-05-18 17:06:00','2021-05-18 17:06:00',1),(168,18,'2021-05-18 17:06:02','2021-05-18 17:06:02',0),(169,18,'2021-05-18 17:06:03','2021-05-18 17:06:03',1),(170,18,'2021-05-18 17:09:05','2021-05-18 17:09:05',1),(171,18,'2021-05-18 17:09:07','2021-05-18 17:09:07',0),(172,18,'2021-05-18 17:09:08','2021-05-18 17:09:08',1),(173,18,'2021-05-18 17:09:10','2021-05-18 17:09:10',0),(174,18,'2021-05-18 17:09:12','2021-05-18 17:09:12',1),(175,18,'2021-05-18 17:09:17','2021-05-18 17:09:17',0),(176,18,'2021-05-18 17:09:19','2021-05-18 17:09:19',1),(177,18,'2021-05-18 17:09:23','2021-05-18 17:09:23',1),(178,18,'2021-05-18 17:09:29','2021-05-18 17:09:29',0),(179,16,'2021-05-18 17:09:54','2021-05-18 17:09:54',0),(180,16,'2021-05-18 17:09:59','2021-05-18 17:09:59',1),(181,18,'2021-05-18 17:11:10','2021-05-18 17:11:10',1),(182,18,'2021-05-18 17:13:15','2021-05-18 17:13:15',1),(183,18,'2021-05-18 17:13:19','2021-05-18 17:13:19',1),(184,18,'2021-05-18 17:13:21','2021-05-18 17:13:21',0),(185,18,'2021-05-18 17:14:24','2021-05-18 17:14:24',1),(186,18,'2021-05-18 17:14:33','2021-05-18 17:14:33',0),(187,18,'2021-05-18 17:14:37','2021-05-18 17:14:37',0),(188,16,'2021-05-18 17:14:45','2021-05-18 17:14:45',1),(189,16,'2021-05-18 17:14:46','2021-05-18 17:14:46',0),(190,16,'2021-05-18 17:14:46','2021-05-18 17:14:46',1),(191,16,'2021-05-18 17:14:50','2021-05-18 17:14:50',0),(192,18,'2021-05-18 17:14:55','2021-05-18 17:14:55',1),(193,18,'2021-05-18 17:14:55','2021-05-18 17:14:55',0),(194,18,'2021-05-18 17:14:55','2021-05-18 17:14:55',1),(195,18,'2021-05-18 17:14:58','2021-05-18 17:14:58',0),(196,18,'2021-05-18 17:15:10','2021-05-18 17:15:10',1),(197,16,'2021-05-18 17:16:05','2021-05-18 17:16:05',1),(198,16,'2021-05-18 17:16:06','2021-05-18 17:16:06',0),(199,18,'2021-05-18 17:16:11','2021-05-18 17:16:11',1),(200,18,'2021-05-18 17:16:16','2021-05-18 17:16:16',0),(201,18,'2021-05-18 17:17:03','2021-05-18 17:17:03',1),(202,16,'2021-05-18 17:17:21','2021-05-18 17:17:21',1),(203,19,'2021-05-18 17:18:51','2021-05-18 17:18:51',1),(204,19,'2021-05-18 17:18:53','2021-05-18 17:18:53',0),(205,18,'2021-05-18 17:19:33','2021-05-18 17:19:33',1),(206,18,'2021-05-18 17:19:35','2021-05-18 17:19:35',0),(207,18,'2021-05-18 17:19:38','2021-05-18 17:19:38',1),(208,18,'2021-05-18 17:20:41','2021-05-18 17:20:41',1),(209,18,'2021-05-18 17:20:42','2021-05-18 17:20:42',0),(210,18,'2021-05-18 17:20:44','2021-05-18 17:20:44',1),(211,16,'2021-05-18 17:20:50','2021-05-18 17:20:50',1),(212,16,'2021-05-18 17:20:52','2021-05-18 17:20:52',0),(213,16,'2021-05-18 17:20:53','2021-05-18 17:20:53',1),(214,18,'2021-05-18 17:20:54','2021-05-18 17:20:54',0),(215,18,'2021-05-18 17:20:54','2021-05-18 17:20:54',1),(216,18,'2021-05-18 17:21:04','2021-05-18 17:21:04',0),(217,18,'2021-05-18 17:21:09','2021-05-18 17:21:09',1),(218,18,'2021-05-18 17:21:13','2021-05-18 17:21:13',0),(219,16,'2021-05-18 17:21:20','2021-05-18 17:21:20',0),(220,18,'2021-05-18 17:21:48','2021-05-18 17:21:48',1),(221,16,'2021-05-18 17:21:52','2021-05-18 17:21:52',1),(222,18,'2021-05-18 17:22:28','2021-05-18 17:22:28',1),(223,18,'2021-05-18 17:22:29','2021-05-18 17:22:29',0),(224,18,'2021-05-18 17:23:08','2021-05-18 17:23:08',1),(225,18,'2021-05-18 17:23:09','2021-05-18 17:23:09',0),(226,18,'2021-05-18 17:23:15','2021-05-18 17:23:15',1),(227,18,'2021-05-18 17:23:19','2021-05-18 17:23:19',0),(228,16,'2021-05-18 17:24:34','2021-05-18 17:24:34',1),(229,16,'2021-05-18 17:24:35','2021-05-18 17:24:35',0),(230,16,'2021-05-18 17:24:36','2021-05-18 17:24:36',1),(231,16,'2021-05-18 17:24:41','2021-05-18 17:24:41',0),(232,16,'2021-05-18 17:24:42','2021-05-18 17:24:42',1),(233,16,'2021-05-18 17:24:51','2021-05-18 17:24:51',0),(234,18,'2021-05-18 17:24:57','2021-05-18 17:24:57',1),(235,16,'2021-05-18 17:24:57','2021-05-18 17:24:57',1),(236,18,'2021-05-18 17:25:57','2021-05-18 17:25:57',1),(237,18,'2021-05-18 17:25:59','2021-05-18 17:25:59',0),(238,16,'2021-05-18 17:26:00','2021-05-18 17:26:00',1),(239,16,'2021-05-18 17:26:02','2021-05-18 17:26:02',0),(240,19,'2021-05-18 17:26:57','2021-05-18 17:26:57',1),(241,19,'2021-05-18 17:26:58','2021-05-18 17:26:58',0),(242,17,'2021-05-18 17:27:01','2021-05-18 17:27:01',1),(243,17,'2021-05-18 17:27:02','2021-05-18 17:27:02',0),(244,18,'2021-05-18 17:27:04','2021-05-18 17:27:04',1),(245,18,'2021-05-18 17:27:05','2021-05-18 17:27:05',0),(246,16,'2021-05-18 17:27:08','2021-05-18 17:27:08',1),(247,16,'2021-05-18 17:27:09','2021-05-18 17:27:09',0),(248,18,'2021-05-18 17:27:21','2021-05-18 17:27:21',1),(249,18,'2021-05-18 17:27:33','2021-05-18 17:27:33',0),(250,16,'2021-05-18 18:09:38','2021-05-18 18:09:38',1),(251,18,'2021-05-18 18:09:46','2021-05-18 18:09:46',1),(252,18,'2021-05-18 18:11:10','2021-05-18 18:11:10',0),(253,16,'2021-05-18 18:11:14','2021-05-18 18:11:14',0),(254,16,'2021-05-18 21:03:50','2021-05-18 21:03:50',1),(255,16,'2021-05-19 13:28:54','2021-05-19 13:28:54',1),(256,16,'2021-05-19 13:28:55','2021-05-19 13:28:55',0),(257,18,'2021-05-19 13:28:58','2021-05-19 13:28:58',1),(258,18,'2021-05-19 13:28:59','2021-05-19 13:28:59',0),(259,19,'2021-05-19 13:29:01','2021-05-19 13:29:01',1),(260,19,'2021-05-19 13:29:03','2021-05-19 13:29:03',0),(261,19,'2021-05-19 13:29:03','2021-05-19 13:29:03',1),(262,19,'2021-05-19 13:29:05','2021-05-19 13:29:05',0),(263,19,'2021-05-19 13:29:06','2021-05-19 13:29:06',1),(264,19,'2021-05-19 13:29:10','2021-05-19 13:29:10',0),(265,17,'2021-05-19 13:29:14','2021-05-19 13:29:14',1),(266,17,'2021-05-19 13:29:15','2021-05-19 13:29:15',0),(267,19,'2021-05-19 14:06:27','2021-05-19 14:06:27',1),(268,16,'2021-05-19 16:30:12','2021-05-19 16:30:12',1),(269,16,'2021-05-19 16:30:13','2021-05-19 16:30:13',0),(270,18,'2021-05-19 16:30:14','2021-05-19 16:30:14',1),(271,18,'2021-05-19 16:30:16','2021-05-19 16:30:16',0),(272,19,'2021-05-19 16:30:17','2021-05-19 16:30:17',0),(273,19,'2021-05-19 16:30:18','2021-05-19 16:30:18',1),(274,19,'2021-05-19 16:30:18','2021-05-19 16:30:18',0),(275,19,'2021-05-19 16:30:19','2021-05-19 16:30:19',1),(276,19,'2021-05-19 16:30:21','2021-05-19 16:30:21',0),(277,19,'2021-05-19 16:30:22','2021-05-19 16:30:22',1),(278,19,'2021-05-19 16:30:24','2021-05-19 16:30:24',0),(279,17,'2021-05-19 16:30:32','2021-05-19 16:30:32',1),(280,17,'2021-05-19 16:30:32','2021-05-19 16:30:32',0),(281,17,'2021-05-19 16:30:32','2021-05-19 16:30:32',1),(282,17,'2021-05-19 16:30:38','2021-05-19 16:30:38',0),(283,17,'2021-05-19 16:30:39','2021-05-19 16:30:39',1),(284,18,'2021-05-19 16:30:43','2021-05-19 16:30:43',1),(285,18,'2021-05-19 16:30:43','2021-05-19 16:30:43',0),(286,17,'2021-05-19 16:30:46','2021-05-19 16:30:46',0),(287,19,'2021-05-19 16:30:49','2021-05-19 16:30:49',0),(288,16,'2021-05-19 17:22:05','2021-05-19 17:22:05',1),(289,16,'2021-05-19 17:22:18','2021-05-19 17:22:18',0),(290,18,'2021-05-19 17:22:20','2021-05-19 17:22:20',1),(291,17,'2021-05-19 17:22:43','2021-05-19 17:22:43',1),(292,18,'2021-05-19 17:23:34','2021-05-19 17:23:34',0),(293,19,'2021-05-19 17:32:15','2021-05-19 17:32:15',1),(294,19,'2021-05-19 17:32:23','2021-05-19 17:32:23',0),(295,16,'2021-05-19 20:13:46','2021-05-19 20:13:46',1),(296,16,'2021-05-20 13:20:15','2021-05-20 13:20:15',1),(297,16,'2021-05-20 13:20:16','2021-05-20 13:20:16',0),(298,18,'2021-05-20 13:20:18','2021-05-20 13:20:18',1),(299,18,'2021-05-20 13:20:27','2021-05-20 13:20:27',0),(300,18,'2021-05-20 13:20:28','2021-05-20 13:20:28',1),(301,18,'2021-05-20 13:20:31','2021-05-20 13:20:31',0),(302,17,'2021-05-20 13:20:34','2021-05-20 13:20:34',1),(303,18,'2021-05-20 13:20:45','2021-05-20 13:20:45',1),(304,18,'2021-05-20 13:20:48','2021-05-20 13:20:48',0),(305,17,'2021-05-20 13:20:50','2021-05-20 13:20:50',0),(306,19,'2021-05-20 13:20:53','2021-05-20 13:20:53',1),(307,19,'2021-05-20 13:20:55','2021-05-20 13:20:55',0),(308,17,'2021-05-20 14:35:51','2021-05-20 14:35:51',1),(309,17,'2021-05-20 14:36:03','2021-05-20 14:36:03',0);
/*!40000 ALTER TABLE `acciones` ENABLE KEYS */;
UNLOCK TABLES;

--
-- Table structure for table `categorias`
--

DROP TABLE IF EXISTS `categorias`;
/*!40101 SET @saved_cs_client     = @@character_set_client */;
/*!40101 SET character_set_client = utf8 */;
CREATE TABLE `categorias` (
  `id` bigint(20) unsigned NOT NULL AUTO_INCREMENT,
  `nombre` text COLLATE utf8mb4_unicode_ci NOT NULL,
  `user_id` bigint(20) unsigned NOT NULL,
  `team_id` bigint(20) unsigned NOT NULL,
  `created_at` timestamp NULL DEFAULT NULL,
  `updated_at` timestamp NULL DEFAULT NULL,
  PRIMARY KEY (`id`),
  KEY `categorias_team_id_foreign` (`team_id`),
  KEY `categorias_user_id_index` (`user_id`),
  CONSTRAINT `categorias_team_id_foreign` FOREIGN KEY (`team_id`) REFERENCES `teams` (`id`) ON DELETE CASCADE
) ENGINE=InnoDB AUTO_INCREMENT=10 DEFAULT CHARSET=utf8mb4 COLLATE=utf8mb4_unicode_ci;
/*!40101 SET character_set_client = @saved_cs_client */;

--
-- Dumping data for table `categorias`
--

LOCK TABLES `categorias` WRITE;
/*!40000 ALTER TABLE `categorias` DISABLE KEYS */;
INSERT INTO `categorias` VALUES (9,'Estante Telcel Lift&Learn',1,1,'2021-04-13 18:54:29','2021-04-13 18:54:29');
/*!40000 ALTER TABLE `categorias` ENABLE KEYS */;
UNLOCK TABLES;

--
-- Table structure for table `devices`
--

DROP TABLE IF EXISTS `devices`;
/*!40101 SET @saved_cs_client     = @@character_set_client */;
/*!40101 SET character_set_client = utf8 */;
CREATE TABLE `devices` (
  `id` bigint(20) unsigned NOT NULL AUTO_INCREMENT,
  `nombre` text COLLATE utf8mb4_unicode_ci NOT NULL,
  `estado` text COLLATE utf8mb4_unicode_ci NOT NULL,
  `categoria_id` bigint(20) unsigned NOT NULL,
  `pin_id` bigint(20) unsigned NOT NULL,
  `user_id` bigint(20) unsigned NOT NULL,
  `upc` text COLLATE utf8mb4_unicode_ci NOT NULL,
  `created_at` timestamp NULL DEFAULT NULL,
  `updated_at` timestamp NULL DEFAULT NULL,
  `vendido` int(11) NOT NULL,
  `fecha_vendido` datetime DEFAULT NULL,
  PRIMARY KEY (`id`),
  KEY `devices_categoria_id_foreign` (`categoria_id`),
  KEY `devices_pin_id_foreign` (`pin_id`),
  KEY `devices_user_id_foreign` (`user_id`),
  CONSTRAINT `devices_categoria_id_foreign` FOREIGN KEY (`categoria_id`) REFERENCES `categorias` (`id`) ON DELETE CASCADE,
  CONSTRAINT `devices_pin_id_foreign` FOREIGN KEY (`pin_id`) REFERENCES `pins` (`id`) ON DELETE CASCADE,
  CONSTRAINT `devices_user_id_foreign` FOREIGN KEY (`user_id`) REFERENCES `users` (`id`) ON DELETE CASCADE
) ENGINE=InnoDB AUTO_INCREMENT=20 DEFAULT CHARSET=utf8mb4 COLLATE=utf8mb4_unicode_ci;
/*!40101 SET character_set_client = @saved_cs_client */;

--
-- Dumping data for table `devices`
--

LOCK TABLES `devices` WRITE;
/*!40000 ALTER TABLE `devices` DISABLE KEYS */;
INSERT INTO `devices` VALUES (16,'iPhone 12Pro','Online',9,3,1,'iPhone12','2021-04-13 18:58:16','2021-05-20 02:59:57',1,'2021-05-19 21:59:57'),(17,'Huawei Mate 10 Pro','Online',9,4,1,'HWMT10','2021-04-13 18:59:07','2021-05-20 03:00:00',1,'2021-05-19 22:00:00'),(18,'Xiaomi Mi10TPro','Online',9,5,1,'Mi10T','2021-04-13 18:59:56','2021-05-18 17:09:31',0,NULL),(19,'Samsung Note 10','Online',9,2,1,'SMNT109845','2021-04-27 19:58:36','2021-05-19 16:28:42',1,'2021-05-19 11:28:42');
/*!40000 ALTER TABLE `devices` ENABLE KEYS */;
UNLOCK TABLES;

--
-- Table structure for table `etiquetas`
--

DROP TABLE IF EXISTS `etiquetas`;
/*!40101 SET @saved_cs_client     = @@character_set_client */;
/*!40101 SET character_set_client = utf8 */;
CREATE TABLE `etiquetas` (
  `id` bigint(20) unsigned NOT NULL AUTO_INCREMENT,
  `nombre` text COLLATE utf8mb4_unicode_ci NOT NULL,
  `user_id` bigint(20) unsigned NOT NULL,
  `color` text COLLATE utf8mb4_unicode_ci NOT NULL,
  `created_at` timestamp NULL DEFAULT NULL,
  `updated_at` timestamp NULL DEFAULT NULL,
  `team_id` bigint(20) unsigned NOT NULL,
  PRIMARY KEY (`id`),
  KEY `etiquetas_user_id_index` (`user_id`)
) ENGINE=InnoDB AUTO_INCREMENT=37 DEFAULT CHARSET=utf8mb4 COLLATE=utf8mb4_unicode_ci;
/*!40101 SET character_set_client = @saved_cs_client */;

--
-- Dumping data for table `etiquetas`
--

LOCK TABLES `etiquetas` WRITE;
/*!40000 ALTER TABLE `etiquetas` DISABLE KEYS */;
INSERT INTO `etiquetas` VALUES (19,'azul',1,'blue-500','2021-04-10 04:41:48','2021-04-10 04:41:48',1),(20,'Cajuela',1,'pink-300','2021-04-12 23:37:40','2021-04-12 23:37:40',1),(21,'2021',1,'indigo-700','2021-04-12 23:37:53','2021-04-12 23:37:53',1),(22,'Austero',1,'blue-700','2021-04-12 23:38:12','2021-04-12 23:38:12',1),(24,' Auto',1,'pink-100','2021-04-13 02:13:44','2021-04-13 02:13:44',1),(31,'Rojo',1,'red-200','2021-04-13 02:32:55','2021-04-13 02:32:55',1),(32,'Telcel',1,'indigo-400','2021-04-13 18:55:37','2021-04-13 18:55:37',1),(33,'LiftAndLearn',1,'red-600','2021-04-13 18:57:05','2021-04-13 18:57:05',1),(34,'Rojo',1,'red-100','2021-04-13 19:02:47','2021-04-13 19:02:47',1),(36,'Neginti',1,'purple-500','2021-05-10 22:32:17','2021-05-10 22:32:17',1);
/*!40000 ALTER TABLE `etiquetas` ENABLE KEYS */;
UNLOCK TABLES;

--
-- Table structure for table `etiquetas_dispositivo`
--

DROP TABLE IF EXISTS `etiquetas_dispositivo`;
/*!40101 SET @saved_cs_client     = @@character_set_client */;
/*!40101 SET character_set_client = utf8 */;
CREATE TABLE `etiquetas_dispositivo` (
  `id` bigint(20) unsigned NOT NULL AUTO_INCREMENT,
  `device_id` bigint(20) unsigned NOT NULL,
  `etiqueta_id` bigint(20) unsigned NOT NULL,
  `created_at` timestamp NULL DEFAULT NULL,
  `updated_at` timestamp NULL DEFAULT NULL,
  PRIMARY KEY (`id`),
  KEY `etiquetas_dispositivo_device_id_foreign` (`device_id`),
  KEY `etiquetas_dispositivo_etiqueta_id_foreign` (`etiqueta_id`),
  CONSTRAINT `etiquetas_dispositivo_device_id_foreign` FOREIGN KEY (`device_id`) REFERENCES `devices` (`id`) ON DELETE CASCADE,
  CONSTRAINT `etiquetas_dispositivo_etiqueta_id_foreign` FOREIGN KEY (`etiqueta_id`) REFERENCES `etiquetas` (`id`) ON DELETE CASCADE
) ENGINE=InnoDB AUTO_INCREMENT=60 DEFAULT CHARSET=utf8mb4 COLLATE=utf8mb4_unicode_ci;
/*!40101 SET character_set_client = @saved_cs_client */;

--
-- Dumping data for table `etiquetas_dispositivo`
--

LOCK TABLES `etiquetas_dispositivo` WRITE;
/*!40000 ALTER TABLE `etiquetas_dispositivo` DISABLE KEYS */;
INSERT INTO `etiquetas_dispositivo` VALUES (39,16,21,'2021-04-13 18:58:16','2021-04-13 18:58:16'),(40,16,32,'2021-04-13 18:58:16','2021-04-13 18:58:16'),(41,16,33,'2021-04-13 18:58:16','2021-04-13 18:58:16'),(42,17,21,'2021-04-13 18:59:08','2021-04-13 18:59:08'),(43,17,22,'2021-04-13 18:59:08','2021-04-13 18:59:08'),(44,17,32,'2021-04-13 18:59:08','2021-04-13 18:59:08'),(45,17,33,'2021-04-13 18:59:08','2021-04-13 18:59:08'),(47,18,21,'2021-04-13 18:59:56','2021-04-13 18:59:56'),(49,18,32,'2021-04-13 18:59:56','2021-04-13 18:59:56'),(50,18,33,'2021-04-13 18:59:56','2021-04-13 18:59:56'),(52,18,34,'2021-04-13 19:02:59','2021-04-13 19:02:59'),(55,19,21,'2021-04-27 19:58:36','2021-04-27 19:58:36'),(56,19,32,'2021-04-27 19:58:36','2021-04-27 19:58:36'),(57,19,33,'2021-04-27 19:58:36','2021-04-27 19:58:36'),(58,19,34,'2021-04-27 19:58:36','2021-04-27 19:58:36'),(59,16,36,'2021-05-10 22:32:17','2021-05-10 22:32:17');
/*!40000 ALTER TABLE `etiquetas_dispositivo` ENABLE KEYS */;
UNLOCK TABLES;

--
-- Table structure for table `failed_jobs`
--

DROP TABLE IF EXISTS `failed_jobs`;
/*!40101 SET @saved_cs_client     = @@character_set_client */;
/*!40101 SET character_set_client = utf8 */;
CREATE TABLE `failed_jobs` (
  `id` bigint(20) unsigned NOT NULL AUTO_INCREMENT,
  `uuid` varchar(255) COLLATE utf8mb4_unicode_ci NOT NULL,
  `connection` text COLLATE utf8mb4_unicode_ci NOT NULL,
  `queue` text COLLATE utf8mb4_unicode_ci NOT NULL,
  `payload` longtext COLLATE utf8mb4_unicode_ci NOT NULL,
  `exception` longtext COLLATE utf8mb4_unicode_ci NOT NULL,
  `failed_at` timestamp NOT NULL DEFAULT current_timestamp(),
  PRIMARY KEY (`id`),
  UNIQUE KEY `failed_jobs_uuid_unique` (`uuid`)
) ENGINE=InnoDB DEFAULT CHARSET=utf8mb4 COLLATE=utf8mb4_unicode_ci;
/*!40101 SET character_set_client = @saved_cs_client */;

--
-- Dumping data for table `failed_jobs`
--

LOCK TABLES `failed_jobs` WRITE;
/*!40000 ALTER TABLE `failed_jobs` DISABLE KEYS */;
/*!40000 ALTER TABLE `failed_jobs` ENABLE KEYS */;
UNLOCK TABLES;

--
-- Table structure for table `migrations`
--

DROP TABLE IF EXISTS `migrations`;
/*!40101 SET @saved_cs_client     = @@character_set_client */;
/*!40101 SET character_set_client = utf8 */;
CREATE TABLE `migrations` (
  `id` int(10) unsigned NOT NULL AUTO_INCREMENT,
  `migration` varchar(255) COLLATE utf8mb4_unicode_ci NOT NULL,
  `batch` int(11) NOT NULL,
  PRIMARY KEY (`id`)
) ENGINE=InnoDB AUTO_INCREMENT=24 DEFAULT CHARSET=utf8mb4 COLLATE=utf8mb4_unicode_ci;
/*!40101 SET character_set_client = @saved_cs_client */;

--
-- Dumping data for table `migrations`
--

LOCK TABLES `migrations` WRITE;
/*!40000 ALTER TABLE `migrations` DISABLE KEYS */;
INSERT INTO `migrations` VALUES (1,'2014_10_12_000000_create_users_table',1),(2,'2014_10_12_100000_create_password_resets_table',1),(3,'2014_10_12_200000_add_two_factor_columns_to_users_table',1),(4,'2019_08_19_000000_create_failed_jobs_table',1),(5,'2019_12_14_000001_create_personal_access_tokens_table',1),(6,'2020_05_21_100000_create_teams_table',1),(7,'2020_05_21_200000_create_team_user_table',1),(8,'2020_05_21_300000_create_team_invitations_table',1),(9,'2021_03_23_150534_create_sessions_table',1),(10,'2021_03_29_171316_create_table_categorias',1),(11,'2021_03_29_173327_create_table_etiquetas',1),(12,'2021_03_29_181013_create_table_pins',1),(13,'2021_03_29_181153_create_permisos',1),(14,'2021_03_29_181237_create_permisos_pivote_table',1),(15,'2021_03_29_184611_create_devices_table',1),(16,'2021_03_29_184612_create_ubicaciones_etiquetas_table',1),(17,'2021_03_30_162112_create_permission_tables',1),(18,'2021_04_08_141043_add_team_id_to_etiquetas',1),(19,'2021_04_12_170602_add_active_to_pins_table',1),(20,'2021_04_12_182552_acciones_dispositivo',1),(21,'2021_04_12_182553_add_tipo_to_acciones_table',1),(22,'2021_04_30_095526_add_vendido_field_to_devices',1),(23,'2021_04_30_125009_add_fecha_vendido_field_to_devices',1);
/*!40000 ALTER TABLE `migrations` ENABLE KEYS */;
UNLOCK TABLES;

--
-- Table structure for table `model_has_permissions`
--

DROP TABLE IF EXISTS `model_has_permissions`;
/*!40101 SET @saved_cs_client     = @@character_set_client */;
/*!40101 SET character_set_client = utf8 */;
CREATE TABLE `model_has_permissions` (
  `permission_id` bigint(20) unsigned NOT NULL,
  `model_type` varchar(255) COLLATE utf8mb4_unicode_ci NOT NULL,
  `model_id` bigint(20) unsigned NOT NULL,
  PRIMARY KEY (`permission_id`,`model_id`,`model_type`),
  KEY `model_has_permissions_model_id_model_type_index` (`model_id`,`model_type`),
  CONSTRAINT `model_has_permissions_permission_id_foreign` FOREIGN KEY (`permission_id`) REFERENCES `permissions` (`id`) ON DELETE CASCADE
) ENGINE=InnoDB DEFAULT CHARSET=utf8mb4 COLLATE=utf8mb4_unicode_ci;
/*!40101 SET character_set_client = @saved_cs_client */;

--
-- Dumping data for table `model_has_permissions`
--

LOCK TABLES `model_has_permissions` WRITE;
/*!40000 ALTER TABLE `model_has_permissions` DISABLE KEYS */;
/*!40000 ALTER TABLE `model_has_permissions` ENABLE KEYS */;
UNLOCK TABLES;

--
-- Table structure for table `model_has_roles`
--

DROP TABLE IF EXISTS `model_has_roles`;
/*!40101 SET @saved_cs_client     = @@character_set_client */;
/*!40101 SET character_set_client = utf8 */;
CREATE TABLE `model_has_roles` (
  `role_id` bigint(20) unsigned NOT NULL,
  `model_type` varchar(255) COLLATE utf8mb4_unicode_ci NOT NULL,
  `model_id` bigint(20) unsigned NOT NULL,
  PRIMARY KEY (`role_id`,`model_id`,`model_type`),
  KEY `model_has_roles_model_id_model_type_index` (`model_id`,`model_type`),
  CONSTRAINT `model_has_roles_role_id_foreign` FOREIGN KEY (`role_id`) REFERENCES `roles` (`id`) ON DELETE CASCADE
) ENGINE=InnoDB DEFAULT CHARSET=utf8mb4 COLLATE=utf8mb4_unicode_ci;
/*!40101 SET character_set_client = @saved_cs_client */;

--
-- Dumping data for table `model_has_roles`
--

LOCK TABLES `model_has_roles` WRITE;
/*!40000 ALTER TABLE `model_has_roles` DISABLE KEYS */;
INSERT INTO `model_has_roles` VALUES (1,'App\\Models\\User',1);
/*!40000 ALTER TABLE `model_has_roles` ENABLE KEYS */;
UNLOCK TABLES;

--
-- Table structure for table `password_resets`
--

DROP TABLE IF EXISTS `password_resets`;
/*!40101 SET @saved_cs_client     = @@character_set_client */;
/*!40101 SET character_set_client = utf8 */;
CREATE TABLE `password_resets` (
  `email` varchar(255) COLLATE utf8mb4_unicode_ci NOT NULL,
  `token` varchar(255) COLLATE utf8mb4_unicode_ci NOT NULL,
  `created_at` timestamp NULL DEFAULT NULL,
  KEY `password_resets_email_index` (`email`)
) ENGINE=InnoDB DEFAULT CHARSET=utf8mb4 COLLATE=utf8mb4_unicode_ci;
/*!40101 SET character_set_client = @saved_cs_client */;

--
-- Dumping data for table `password_resets`
--

LOCK TABLES `password_resets` WRITE;
/*!40000 ALTER TABLE `password_resets` DISABLE KEYS */;
/*!40000 ALTER TABLE `password_resets` ENABLE KEYS */;
UNLOCK TABLES;

--
-- Table structure for table `permisos`
--

DROP TABLE IF EXISTS `permisos`;
/*!40101 SET @saved_cs_client     = @@character_set_client */;
/*!40101 SET character_set_client = utf8 */;
CREATE TABLE `permisos` (
  `id` bigint(20) unsigned NOT NULL AUTO_INCREMENT,
  `Nombre` text COLLATE utf8mb4_unicode_ci NOT NULL,
  `created_at` timestamp NULL DEFAULT NULL,
  `updated_at` timestamp NULL DEFAULT NULL,
  PRIMARY KEY (`id`)
) ENGINE=InnoDB DEFAULT CHARSET=utf8mb4 COLLATE=utf8mb4_unicode_ci;
/*!40101 SET character_set_client = @saved_cs_client */;

--
-- Dumping data for table `permisos`
--

LOCK TABLES `permisos` WRITE;
/*!40000 ALTER TABLE `permisos` DISABLE KEYS */;
/*!40000 ALTER TABLE `permisos` ENABLE KEYS */;
UNLOCK TABLES;

--
-- Table structure for table `permisos_pivote`
--

DROP TABLE IF EXISTS `permisos_pivote`;
/*!40101 SET @saved_cs_client     = @@character_set_client */;
/*!40101 SET character_set_client = utf8 */;
CREATE TABLE `permisos_pivote` (
  `id` bigint(20) unsigned NOT NULL AUTO_INCREMENT,
  `user_id` bigint(20) unsigned NOT NULL,
  `permiso_id` bigint(20) unsigned NOT NULL,
  `created_at` timestamp NULL DEFAULT NULL,
  `updated_at` timestamp NULL DEFAULT NULL,
  PRIMARY KEY (`id`),
  KEY `permisos_pivote_permiso_id_foreign` (`permiso_id`),
  KEY `permisos_pivote_user_id_index` (`user_id`),
  CONSTRAINT `permisos_pivote_permiso_id_foreign` FOREIGN KEY (`permiso_id`) REFERENCES `permisos` (`id`) ON DELETE CASCADE
) ENGINE=InnoDB DEFAULT CHARSET=utf8mb4 COLLATE=utf8mb4_unicode_ci;
/*!40101 SET character_set_client = @saved_cs_client */;

--
-- Dumping data for table `permisos_pivote`
--

LOCK TABLES `permisos_pivote` WRITE;
/*!40000 ALTER TABLE `permisos_pivote` DISABLE KEYS */;
/*!40000 ALTER TABLE `permisos_pivote` ENABLE KEYS */;
UNLOCK TABLES;

--
-- Table structure for table `permissions`
--

DROP TABLE IF EXISTS `permissions`;
/*!40101 SET @saved_cs_client     = @@character_set_client */;
/*!40101 SET character_set_client = utf8 */;
CREATE TABLE `permissions` (
  `id` bigint(20) unsigned NOT NULL AUTO_INCREMENT,
  `name` varchar(255) COLLATE utf8mb4_unicode_ci NOT NULL,
  `guard_name` varchar(255) COLLATE utf8mb4_unicode_ci NOT NULL,
  `created_at` timestamp NULL DEFAULT NULL,
  `updated_at` timestamp NULL DEFAULT NULL,
  PRIMARY KEY (`id`),
  UNIQUE KEY `permissions_name_guard_name_unique` (`name`,`guard_name`)
) ENGINE=InnoDB AUTO_INCREMENT=9 DEFAULT CHARSET=utf8mb4 COLLATE=utf8mb4_unicode_ci;
/*!40101 SET character_set_client = @saved_cs_client */;

--
-- Dumping data for table `permissions`
--

LOCK TABLES `permissions` WRITE;
/*!40000 ALTER TABLE `permissions` DISABLE KEYS */;
INSERT INTO `permissions` VALUES (1,'role-list','web','2021-03-31 04:43:37','2021-03-31 04:43:37'),(2,'role-create','web','2021-03-31 04:43:37','2021-03-31 04:43:37'),(3,'role-edit','web','2021-03-31 04:43:37','2021-03-31 04:43:37'),(4,'role-delete','web','2021-03-31 04:43:37','2021-03-31 04:43:37'),(5,'product-list','web','2021-03-31 04:43:37','2021-03-31 04:43:37'),(6,'product-create','web','2021-03-31 04:43:37','2021-03-31 04:43:37'),(7,'product-edit','web','2021-03-31 04:43:37','2021-03-31 04:43:37'),(8,'product-delete','web','2021-03-31 04:43:37','2021-03-31 04:43:37');
/*!40000 ALTER TABLE `permissions` ENABLE KEYS */;
UNLOCK TABLES;

--
-- Table structure for table `personal_access_tokens`
--

DROP TABLE IF EXISTS `personal_access_tokens`;
/*!40101 SET @saved_cs_client     = @@character_set_client */;
/*!40101 SET character_set_client = utf8 */;
CREATE TABLE `personal_access_tokens` (
  `id` bigint(20) unsigned NOT NULL AUTO_INCREMENT,
  `tokenable_type` varchar(255) COLLATE utf8mb4_unicode_ci NOT NULL,
  `tokenable_id` bigint(20) unsigned NOT NULL,
  `name` varchar(255) COLLATE utf8mb4_unicode_ci NOT NULL,
  `token` varchar(64) COLLATE utf8mb4_unicode_ci NOT NULL,
  `abilities` text COLLATE utf8mb4_unicode_ci DEFAULT NULL,
  `last_used_at` timestamp NULL DEFAULT NULL,
  `created_at` timestamp NULL DEFAULT NULL,
  `updated_at` timestamp NULL DEFAULT NULL,
  PRIMARY KEY (`id`),
  UNIQUE KEY `personal_access_tokens_token_unique` (`token`),
  KEY `personal_access_tokens_tokenable_type_tokenable_id_index` (`tokenable_type`,`tokenable_id`)
) ENGINE=InnoDB DEFAULT CHARSET=utf8mb4 COLLATE=utf8mb4_unicode_ci;
/*!40101 SET character_set_client = @saved_cs_client */;

--
-- Dumping data for table `personal_access_tokens`
--

LOCK TABLES `personal_access_tokens` WRITE;
/*!40000 ALTER TABLE `personal_access_tokens` DISABLE KEYS */;
/*!40000 ALTER TABLE `personal_access_tokens` ENABLE KEYS */;
UNLOCK TABLES;

--
-- Table structure for table `pins`
--

DROP TABLE IF EXISTS `pins`;
/*!40101 SET @saved_cs_client     = @@character_set_client */;
/*!40101 SET character_set_client = utf8 */;
CREATE TABLE `pins` (
  `id` bigint(20) unsigned NOT NULL AUTO_INCREMENT,
  `pin` text COLLATE utf8mb4_unicode_ci NOT NULL,
  `user_id` bigint(20) unsigned NOT NULL,
  `team_id` bigint(20) unsigned NOT NULL,
  `created_at` timestamp NULL DEFAULT NULL,
  `updated_at` timestamp NULL DEFAULT NULL,
  `active` tinyint(1) NOT NULL,
  PRIMARY KEY (`id`),
  KEY `pins_team_id_foreign` (`team_id`),
  KEY `pins_user_id_index` (`user_id`),
  CONSTRAINT `pins_team_id_foreign` FOREIGN KEY (`team_id`) REFERENCES `teams` (`id`) ON DELETE CASCADE
) ENGINE=InnoDB AUTO_INCREMENT=6 DEFAULT CHARSET=utf8mb4 COLLATE=utf8mb4_unicode_ci;
/*!40101 SET character_set_client = @saved_cs_client */;

--
-- Dumping data for table `pins`
--

LOCK TABLES `pins` WRITE;
/*!40000 ALTER TABLE `pins` DISABLE KEYS */;
INSERT INTO `pins` VALUES (2,'1078818517856',1,1,NULL,'2021-04-27 19:58:36',1),(3,'17113018617833',1,1,'2021-04-13 18:51:40','2021-04-13 18:58:16',1),(4,'251102178178157',1,1,'2021-04-13 18:51:40','2021-04-13 18:59:08',1),(5,'91235181178183',1,1,'2021-04-13 18:53:10','2021-04-13 18:59:56',1);
/*!40000 ALTER TABLE `pins` ENABLE KEYS */;
UNLOCK TABLES;

--
-- Table structure for table `role_has_permissions`
--

DROP TABLE IF EXISTS `role_has_permissions`;
/*!40101 SET @saved_cs_client     = @@character_set_client */;
/*!40101 SET character_set_client = utf8 */;
CREATE TABLE `role_has_permissions` (
  `permission_id` bigint(20) unsigned NOT NULL,
  `role_id` bigint(20) unsigned NOT NULL,
  PRIMARY KEY (`permission_id`,`role_id`),
  KEY `role_has_permissions_role_id_foreign` (`role_id`),
  CONSTRAINT `role_has_permissions_permission_id_foreign` FOREIGN KEY (`permission_id`) REFERENCES `permissions` (`id`) ON DELETE CASCADE,
  CONSTRAINT `role_has_permissions_role_id_foreign` FOREIGN KEY (`role_id`) REFERENCES `roles` (`id`) ON DELETE CASCADE
) ENGINE=InnoDB DEFAULT CHARSET=utf8mb4 COLLATE=utf8mb4_unicode_ci;
/*!40101 SET character_set_client = @saved_cs_client */;

--
-- Dumping data for table `role_has_permissions`
--

LOCK TABLES `role_has_permissions` WRITE;
/*!40000 ALTER TABLE `role_has_permissions` DISABLE KEYS */;
INSERT INTO `role_has_permissions` VALUES (1,1),(2,1),(3,1),(4,1),(5,1),(6,1),(7,1),(8,1);
/*!40000 ALTER TABLE `role_has_permissions` ENABLE KEYS */;
UNLOCK TABLES;

--
-- Table structure for table `roles`
--

DROP TABLE IF EXISTS `roles`;
/*!40101 SET @saved_cs_client     = @@character_set_client */;
/*!40101 SET character_set_client = utf8 */;
CREATE TABLE `roles` (
  `id` bigint(20) unsigned NOT NULL AUTO_INCREMENT,
  `name` varchar(255) COLLATE utf8mb4_unicode_ci NOT NULL,
  `guard_name` varchar(255) COLLATE utf8mb4_unicode_ci NOT NULL,
  `created_at` timestamp NULL DEFAULT NULL,
  `updated_at` timestamp NULL DEFAULT NULL,
  PRIMARY KEY (`id`),
  UNIQUE KEY `roles_name_guard_name_unique` (`name`,`guard_name`)
) ENGINE=InnoDB AUTO_INCREMENT=2 DEFAULT CHARSET=utf8mb4 COLLATE=utf8mb4_unicode_ci;
/*!40101 SET character_set_client = @saved_cs_client */;

--
-- Dumping data for table `roles`
--

LOCK TABLES `roles` WRITE;
/*!40000 ALTER TABLE `roles` DISABLE KEYS */;
INSERT INTO `roles` VALUES (1,'Admin','web','2021-03-31 04:44:20','2021-03-31 04:44:20');
/*!40000 ALTER TABLE `roles` ENABLE KEYS */;
UNLOCK TABLES;

--
-- Table structure for table `sessions`
--

DROP TABLE IF EXISTS `sessions`;
/*!40101 SET @saved_cs_client     = @@character_set_client */;
/*!40101 SET character_set_client = utf8 */;
CREATE TABLE `sessions` (
  `id` varchar(255) COLLATE utf8mb4_unicode_ci NOT NULL,
  `user_id` bigint(20) unsigned DEFAULT NULL,
  `ip_address` varchar(45) COLLATE utf8mb4_unicode_ci DEFAULT NULL,
  `user_agent` text COLLATE utf8mb4_unicode_ci DEFAULT NULL,
  `payload` text COLLATE utf8mb4_unicode_ci NOT NULL,
  `last_activity` int(11) NOT NULL,
  PRIMARY KEY (`id`),
  KEY `sessions_user_id_index` (`user_id`),
  KEY `sessions_last_activity_index` (`last_activity`)
) ENGINE=InnoDB DEFAULT CHARSET=utf8mb4 COLLATE=utf8mb4_unicode_ci;
/*!40101 SET character_set_client = @saved_cs_client */;

--
-- Dumping data for table `sessions`
--

LOCK TABLES `sessions` WRITE;
/*!40000 ALTER TABLE `sessions` DISABLE KEYS */;
INSERT INTO `sessions` VALUES ('0FvD2HpJ6iIftFB9iWagOFTHypCpdFGBXFxK4aIp',NULL,'189.203.100.183','','YTozOntzOjY6Il90b2tlbiI7czo0MDoibUw4M0wzUjJEYm42UVE0MGtIQXNQYU5aR0MwakpXVDZWeUhiRXBwdCI7czo5OiJfcHJldmlvdXMiO2E6MTp7czozOiJ1cmwiO3M6NjE6Imh0dHBzOi8veHViYXguY29tL3Byb2R1eC9wdWJsaWMvQXBpL0xpZnRBbmRMZWFybi9nZXRBY3Rpb24vMTciO31zOjY6Il9mbGFzaCI7YToyOntzOjM6Im9sZCI7YTowOnt9czozOiJuZXciO2E6MDp7fX19',1621875131),('0N9OqK7mOiMWh347TDH5YXjuCkD6Sutbju4rODlC',NULL,'189.203.100.183','','YTozOntzOjY6Il90b2tlbiI7czo0MDoiSkZvRVQ1TE8xYUV1YlUyWnZSOWV2aDhxdW9aa01TdVJNNjVTMndkaiI7czo5OiJfcHJldmlvdXMiO2E6MTp7czozOiJ1cmwiO3M6NjE6Imh0dHBzOi8veHViYXguY29tL3Byb2R1eC9wdWJsaWMvQXBpL0xpZnRBbmRMZWFybi9nZXRBY3Rpb24vMTkiO31zOjY6Il9mbGFzaCI7YToyOntzOjM6Im9sZCI7YTowOnt9czozOiJuZXciO2E6MDp7fX19',1621875127),('0pWjxG0tPMzacPlglRFujBxOjquWiksqtev7hhBI',NULL,'189.203.100.183','','YTozOntzOjY6Il90b2tlbiI7czo0MDoiRUhpVGpHcEhOSzBkNWlNMzF6R292U0FnanVtTzhHRWxpYzdiTmo4diI7czo5OiJfcHJldmlvdXMiO2E6MTp7czozOiJ1cmwiO3M6NjE6Imh0dHBzOi8veHViYXguY29tL3Byb2R1eC9wdWJsaWMvQXBpL0xpZnRBbmRMZWFybi9nZXRBY3Rpb24vMTciO31zOjY6Il9mbGFzaCI7YToyOntzOjM6Im9sZCI7YTowOnt9czozOiJuZXciO2E6MDp7fX19',1621875348),('0tpvAJijbvSCoz6j7Aapvpik4bkqcWgpU6U11fhT',NULL,'189.203.100.183','','YTozOntzOjY6Il90b2tlbiI7czo0MDoiMFNxbTlSV3lHQ3VMYUtoUnk3S0Qwb1FodE1jRERpOXZsUVFlYTF3UCI7czo5OiJfcHJldmlvdXMiO2E6MTp7czozOiJ1cmwiO3M6NjE6Imh0dHBzOi8veHViYXguY29tL3Byb2R1eC9wdWJsaWMvQXBpL0xpZnRBbmRMZWFybi9nZXRBY3Rpb24vMTYiO31zOjY6Il9mbGFzaCI7YToyOntzOjM6Im9sZCI7YTowOnt9czozOiJuZXciO2E6MDp7fX19',1621875095),('1B2DX08AZC9F2LfNx1e6osyWH3R56PWW4rQ9TY75',NULL,'189.203.100.183','','YTozOntzOjY6Il90b2tlbiI7czo0MDoiV1gxN2JZbTF0OWZVbmlGMm5ESWlkb3NGcWh3T3dVTVBpa2JrcXZkaCI7czo5OiJfcHJldmlvdXMiO2E6MTp7czozOiJ1cmwiO3M6NjE6Imh0dHBzOi8veHViYXguY29tL3Byb2R1eC9wdWJsaWMvQXBpL0xpZnRBbmRMZWFybi9nZXRBY3Rpb24vMTYiO31zOjY6Il9mbGFzaCI7YToyOntzOjM6Im9sZCI7YTowOnt9czozOiJuZXciO2E6MDp7fX19',1621875082),('1Cip0IkPD1w2atmF2x9fRHtpdHflFJhG8DfLnx4U',NULL,'189.203.100.183','','YTozOntzOjY6Il90b2tlbiI7czo0MDoickVncHhrZGNOTlpHcktNUm1QOG9wTGlzdGJ5Q2FFaVlHcFpTa0tZZCI7czo5OiJfcHJldmlvdXMiO2E6MTp7czozOiJ1cmwiO3M6NjE6Imh0dHBzOi8veHViYXguY29tL3Byb2R1eC9wdWJsaWMvQXBpL0xpZnRBbmRMZWFybi9nZXRBY3Rpb24vMTciO31zOjY6Il9mbGFzaCI7YToyOntzOjM6Im9sZCI7YTowOnt9czozOiJuZXciO2E6MDp7fX19',1621875301),('1efQYvCKTUAV9h4myXPaIlYnfjzBBn4EOO3aLZ5K',NULL,'189.203.100.183','','YTozOntzOjY6Il90b2tlbiI7czo0MDoiRnAzUm1HR05ycmxNTlYzS29ERW83WjM5VTdnN0F5dnlkUW9rV3h1NSI7czo5OiJfcHJldmlvdXMiO2E6MTp7czozOiJ1cmwiO3M6NjE6Imh0dHBzOi8veHViYXguY29tL3Byb2R1eC9wdWJsaWMvQXBpL0xpZnRBbmRMZWFybi9nZXRBY3Rpb24vMTYiO31zOjY6Il9mbGFzaCI7YToyOntzOjM6Im9sZCI7YTowOnt9czozOiJuZXciO2E6MDp7fX19',1621875408),('1LI4uJWyyo3oVabAkpJGxefV5dhOGnXbZCMgOZVF',NULL,'189.203.100.183','','YTozOntzOjY6Il90b2tlbiI7czo0MDoiajZFaUJudlg1NEN5bzNvbWpvZnRkaWlOV2I0aFRFOUpmQkI2NGFPdCI7czo5OiJfcHJldmlvdXMiO2E6MTp7czozOiJ1cmwiO3M6NjE6Imh0dHBzOi8veHViYXguY29tL3Byb2R1eC9wdWJsaWMvQXBpL0xpZnRBbmRMZWFybi9nZXRBY3Rpb24vMTciO31zOjY6Il9mbGFzaCI7YToyOntzOjM6Im9sZCI7YTowOnt9czozOiJuZXciO2E6MDp7fX19',1621875382),('1pcbtONvobDy73D8orU3RJLj8Ais0mUtMjbyUEJU',NULL,'189.203.100.183','','YTozOntzOjY6Il90b2tlbiI7czo0MDoieHJESEU3VWtxTjdDTUl3TFFHejREcUl3RlBFQ2sxQUNXcXhCa0JuaiI7czo5OiJfcHJldmlvdXMiO2E6MTp7czozOiJ1cmwiO3M6NjE6Imh0dHBzOi8veHViYXguY29tL3Byb2R1eC9wdWJsaWMvQXBpL0xpZnRBbmRMZWFybi9nZXRBY3Rpb24vMTYiO31zOjY6Il9mbGFzaCI7YToyOntzOjM6Im9sZCI7YTowOnt9czozOiJuZXciO2E6MDp7fX19',1621875299),('1vdFyqIZWijn39CzfaiblCynm2vj8FlSK00qVZG6',NULL,'189.203.100.183','','YTozOntzOjY6Il90b2tlbiI7czo0MDoiZ0VPYmlMSEk5UzVGVWhOclhGUlJ4T1kzZE4wZHdSQWdXZ2FRUGI5VCI7czo5OiJfcHJldmlvdXMiO2E6MTp7czozOiJ1cmwiO3M6NjE6Imh0dHBzOi8veHViYXguY29tL3Byb2R1eC9wdWJsaWMvQXBpL0xpZnRBbmRMZWFybi9nZXRBY3Rpb24vMTYiO31zOjY6Il9mbGFzaCI7YToyOntzOjM6Im9sZCI7YTowOnt9czozOiJuZXciO2E6MDp7fX19',1621875143),('1ydgnNnxr368L79IxoZMKKrcMchw1X5IcaMfDovP',NULL,'189.203.100.183','','YTozOntzOjY6Il90b2tlbiI7czo0MDoiTVptc0hOVXRNbmZOeVhTRkNmV3pudWR4ZDdrZ3FlaEpBU1VQNWZPeCI7czo5OiJfcHJldmlvdXMiO2E6MTp7czozOiJ1cmwiO3M6NjE6Imh0dHBzOi8veHViYXguY29tL3Byb2R1eC9wdWJsaWMvQXBpL0xpZnRBbmRMZWFybi9nZXRBY3Rpb24vMTYiO31zOjY6Il9mbGFzaCI7YToyOntzOjM6Im9sZCI7YTowOnt9czozOiJuZXciO2E6MDp7fX19',1621875198),('2tAluAoHt7jjgqs4ouz9KmFOHQeP1l4jgrCLbRQx',NULL,'189.203.100.183','','YTozOntzOjY6Il90b2tlbiI7czo0MDoiaFh1UjE1UXFZOUV4WWNJZktwZnJTS1RaQVpKNFo0enZGNm5Id2xFNCI7czo5OiJfcHJldmlvdXMiO2E6MTp7czozOiJ1cmwiO3M6NjE6Imh0dHBzOi8veHViYXguY29tL3Byb2R1eC9wdWJsaWMvQXBpL0xpZnRBbmRMZWFybi9nZXRBY3Rpb24vMTgiO31zOjY6Il9mbGFzaCI7YToyOntzOjM6Im9sZCI7YTowOnt9czozOiJuZXciO2E6MDp7fX19',1621875057),('3cQY8WwicdWJ94JJenujhYeiG934JQQ55cwiAgoZ',NULL,'189.203.100.183','','YTozOntzOjY6Il90b2tlbiI7czo0MDoiV0p0eE0zOGVrcWFCVGNjcGtOUUJkaGtHRUE0cXJtWUNlS3MwdDBWciI7czo5OiJfcHJldmlvdXMiO2E6MTp7czozOiJ1cmwiO3M6NjE6Imh0dHBzOi8veHViYXguY29tL3Byb2R1eC9wdWJsaWMvQXBpL0xpZnRBbmRMZWFybi9nZXRBY3Rpb24vMTgiO31zOjY6Il9mbGFzaCI7YToyOntzOjM6Im9sZCI7YTowOnt9czozOiJuZXciO2E6MDp7fX19',1621875268),('3kFm5NCLE66Mq8nvqjnMBQbxSNpErAMeUfEFPphf',NULL,'189.203.100.183','','YTozOntzOjY6Il90b2tlbiI7czo0MDoiNFMwZjB1TDRKbXBYblppZzE4aHhKVmZNbVZiWnQ4aUFDV1VNRGo1OSI7czo5OiJfcHJldmlvdXMiO2E6MTp7czozOiJ1cmwiO3M6NjE6Imh0dHBzOi8veHViYXguY29tL3Byb2R1eC9wdWJsaWMvQXBpL0xpZnRBbmRMZWFybi9nZXRBY3Rpb24vMTgiO31zOjY6Il9mbGFzaCI7YToyOntzOjM6Im9sZCI7YTowOnt9czozOiJuZXciO2E6MDp7fX19',1621875309),('3o91izfIkLkA9CBz10NZNmVB2pSvUGQpWzbTJbgb',NULL,'189.203.100.183','','YTozOntzOjY6Il90b2tlbiI7czo0MDoieGVhRTk1c3liMGNTOUNyNUtybUpWem92eVhJT1NVcTJPTDl0NUJPRSI7czo5OiJfcHJldmlvdXMiO2E6MTp7czozOiJ1cmwiO3M6NjE6Imh0dHBzOi8veHViYXguY29tL3Byb2R1eC9wdWJsaWMvQXBpL0xpZnRBbmRMZWFybi9nZXREYXRhc2V0LzkiO31zOjY6Il9mbGFzaCI7YToyOntzOjM6Im9sZCI7YTowOnt9czozOiJuZXciO2E6MDp7fX19',1621875271),('3W9QDxsMu3jnv0gWLDsBiRmT0R0HnKBF5XWXBAHA',NULL,'189.203.100.183','','YTozOntzOjY6Il90b2tlbiI7czo0MDoiM3NPb3FXUmdKY215aHExR0ZOcFNtWjZKV2pIRDdJWk9pMnpYTzRhVCI7czo5OiJfcHJldmlvdXMiO2E6MTp7czozOiJ1cmwiO3M6NjE6Imh0dHBzOi8veHViYXguY29tL3Byb2R1eC9wdWJsaWMvQXBpL0xpZnRBbmRMZWFybi9nZXRBY3Rpb24vMTciO31zOjY6Il9mbGFzaCI7YToyOntzOjM6Im9sZCI7YTowOnt9czozOiJuZXciO2E6MDp7fX19',1621875219),('3wg46Mofm4bhwGoQufVQj64OyydlS67q4n6TB1lZ',NULL,'189.203.100.183','','YTozOntzOjY6Il90b2tlbiI7czo0MDoiMXlhWW1VdVVTaTVNN2VVYWY5c2w3dndFakFicDF2SWFsajJxVmcwTiI7czo5OiJfcHJldmlvdXMiO2E6MTp7czozOiJ1cmwiO3M6NjE6Imh0dHBzOi8veHViYXguY29tL3Byb2R1eC9wdWJsaWMvQXBpL0xpZnRBbmRMZWFybi9nZXREYXRhc2V0LzkiO31zOjY6Il9mbGFzaCI7YToyOntzOjM6Im9sZCI7YTowOnt9czozOiJuZXciO2E6MDp7fX19',1621875121),('4eO2lFLB7Mviy8zyuVLOA2zMzJB4tVesCKJKJDc7',NULL,'189.203.100.183','','YTozOntzOjY6Il90b2tlbiI7czo0MDoiYWxEU1JSMk1jdWdDY1NNVjJGQllmZ213Z3FYaHRiZkRmWkNNY3c5TiI7czo5OiJfcHJldmlvdXMiO2E6MTp7czozOiJ1cmwiO3M6NjE6Imh0dHBzOi8veHViYXguY29tL3Byb2R1eC9wdWJsaWMvQXBpL0xpZnRBbmRMZWFybi9nZXRBY3Rpb24vMTciO31zOjY6Il9mbGFzaCI7YToyOntzOjM6Im9sZCI7YTowOnt9czozOiJuZXciO2E6MDp7fX19',1621875186),('4hlyULguiCJeFqMC37wvlKbPzlnV7PhST3A2Z1JI',NULL,'189.203.100.183','','YTozOntzOjY6Il90b2tlbiI7czo0MDoiWjlhS1E1ZnRKWnNpeU4zYXpDcDVtM2tNNmNjaHRzM2tPR1NqZG9HZyI7czo5OiJfcHJldmlvdXMiO2E6MTp7czozOiJ1cmwiO3M6NjE6Imh0dHBzOi8veHViYXguY29tL3Byb2R1eC9wdWJsaWMvQXBpL0xpZnRBbmRMZWFybi9nZXRBY3Rpb24vMTYiO31zOjY6Il9mbGFzaCI7YToyOntzOjM6Im9sZCI7YTowOnt9czozOiJuZXciO2E6MDp7fX19',1621875089),('4Jp1Bz0IE1sMvBXTt0YrTPa6DXMBYaqfTYtCyFce',NULL,'189.203.100.183','','YTozOntzOjY6Il90b2tlbiI7czo0MDoiSnMzOFo4V3M0ZEFHc0wzRTR0dHI5NGN0ZmlVUXphQnRidzUxelhCaSI7czo5OiJfcHJldmlvdXMiO2E6MTp7czozOiJ1cmwiO3M6NjE6Imh0dHBzOi8veHViYXguY29tL3Byb2R1eC9wdWJsaWMvQXBpL0xpZnRBbmRMZWFybi9nZXRBY3Rpb24vMTkiO31zOjY6Il9mbGFzaCI7YToyOntzOjM6Im9sZCI7YTowOnt9czozOiJuZXciO2E6MDp7fX19',1621875032),('4PSNUV7JysEXbMeTyzajSKe5x2A2v07JgGwb1qo4',NULL,'189.203.100.183','','YTozOntzOjY6Il90b2tlbiI7czo0MDoiRjh3eVQ3RnZxVnlBcHhPdUpHQTkyVEFhdmg2WlM3QkdyY0FhODJXVCI7czo5OiJfcHJldmlvdXMiO2E6MTp7czozOiJ1cmwiO3M6NjE6Imh0dHBzOi8veHViYXguY29tL3Byb2R1eC9wdWJsaWMvQXBpL0xpZnRBbmRMZWFybi9nZXRBY3Rpb24vMTgiO31zOjY6Il9mbGFzaCI7YToyOntzOjM6Im9sZCI7YTowOnt9czozOiJuZXciO2E6MDp7fX19',1621875078),('4QDst6kuuVEmPknlhzBRi7XNXium1EQT6XUjrpQY',NULL,'189.203.100.183','','YTozOntzOjY6Il90b2tlbiI7czo0MDoiSGtLNGhYTWNMdWQ0bFVxQTZnTlU3V0ZYSTViMmlOaXNJdTdxSmVoRiI7czo5OiJfcHJldmlvdXMiO2E6MTp7czozOiJ1cmwiO3M6NjE6Imh0dHBzOi8veHViYXguY29tL3Byb2R1eC9wdWJsaWMvQXBpL0xpZnRBbmRMZWFybi9nZXRBY3Rpb24vMTgiO31zOjY6Il9mbGFzaCI7YToyOntzOjM6Im9sZCI7YTowOnt9czozOiJuZXciO2E6MDp7fX19',1621875112),('4WFPXoDG5Ksvp54Avv6XxUjzFS7cDcCNZMZntUzg',NULL,'189.203.100.183','','YTozOntzOjY6Il90b2tlbiI7czo0MDoibXREWk5rTmFvdkFucUgyQzlSb2JmMWduSnA5V3ZkUmRhUThINHJ2MCI7czo5OiJfcHJldmlvdXMiO2E6MTp7czozOiJ1cmwiO3M6NjE6Imh0dHBzOi8veHViYXguY29tL3Byb2R1eC9wdWJsaWMvQXBpL0xpZnRBbmRMZWFybi9nZXRBY3Rpb24vMTkiO31zOjY6Il9mbGFzaCI7YToyOntzOjM6Im9sZCI7YTowOnt9czozOiJuZXciO2E6MDp7fX19',1621875358),('5R0moHs0sMJRjByCdbHcCZ33nt5Mmyabih8lceZF',NULL,'189.203.100.183','','YTozOntzOjY6Il90b2tlbiI7czo0MDoiaHZ6aUhSWXk2Y0JVNzBpdGJWNkNSNFFvejNtbVBNaE4wZXU2dXlrVSI7czo5OiJfcHJldmlvdXMiO2E6MTp7czozOiJ1cmwiO3M6NjE6Imh0dHBzOi8veHViYXguY29tL3Byb2R1eC9wdWJsaWMvQXBpL0xpZnRBbmRMZWFybi9nZXRBY3Rpb24vMTkiO31zOjY6Il9mbGFzaCI7YToyOntzOjM6Im9sZCI7YTowOnt9czozOiJuZXciO2E6MDp7fX19',1621875392),('66FoJVlHZvtyWZa1AJBCHnRz0wyJ7FekyG0uhpAy',NULL,'189.203.100.183','','YTozOntzOjY6Il90b2tlbiI7czo0MDoiTmpMb1RSUFY0WlFOcVhVSVowRW80ZngxUzE4M3dJWTVsQkdGR3cyNSI7czo5OiJfcHJldmlvdXMiO2E6MTp7czozOiJ1cmwiO3M6NjE6Imh0dHBzOi8veHViYXguY29tL3Byb2R1eC9wdWJsaWMvQXBpL0xpZnRBbmRMZWFybi9nZXREYXRhc2V0LzkiO31zOjY6Il9mbGFzaCI7YToyOntzOjM6Im9sZCI7YTowOnt9czozOiJuZXciO2E6MDp7fX19',1621875019),('6Gw3KeCjmX2E4r6p75i4z003RwHluT4PmaG2eQyr',NULL,'189.203.100.183','','YTozOntzOjY6Il90b2tlbiI7czo0MDoicWxqWVZZekdqcWJIV0N4YWNacmowNjNCb3MzYkp5cHNvcFVEbXd0ciI7czo5OiJfcHJldmlvdXMiO2E6MTp7czozOiJ1cmwiO3M6NjE6Imh0dHBzOi8veHViYXguY29tL3Byb2R1eC9wdWJsaWMvQXBpL0xpZnRBbmRMZWFybi9nZXREYXRhc2V0LzkiO31zOjY6Il9mbGFzaCI7YToyOntzOjM6Im9sZCI7YTowOnt9czozOiJuZXciO2E6MDp7fX19',1621875291),('734y53KUrgtwLxb9mHi0BduLRwiOguR2WlmCOBtO',NULL,'189.203.100.183','','YTozOntzOjY6Il90b2tlbiI7czo0MDoiWk5wODE5NUZVdUZFNkJPbWg1Wk9JM2h4MDJVcGRJR0VTYTZqY295QSI7czo5OiJfcHJldmlvdXMiO2E6MTp7czozOiJ1cmwiO3M6NjE6Imh0dHBzOi8veHViYXguY29tL3Byb2R1eC9wdWJsaWMvQXBpL0xpZnRBbmRMZWFybi9nZXRBY3Rpb24vMTgiO31zOjY6Il9mbGFzaCI7YToyOntzOjM6Im9sZCI7YTowOnt9czozOiJuZXciO2E6MDp7fX19',1621875248),('7bdzNeB0kustj6OTHHV8mNsv9MCGCP3wmxUOm2z7',NULL,'189.203.100.183','','YTozOntzOjY6Il90b2tlbiI7czo0MDoiTWtYMEVlTU1PaVFNYkM2WUJnNmczY05rckoxakxKSFdxZEJwUlFMaCI7czo5OiJfcHJldmlvdXMiO2E6MTp7czozOiJ1cmwiO3M6NjE6Imh0dHBzOi8veHViYXguY29tL3Byb2R1eC9wdWJsaWMvQXBpL0xpZnRBbmRMZWFybi9nZXREYXRhc2V0LzkiO31zOjY6Il9mbGFzaCI7YToyOntzOjM6Im9sZCI7YTowOnt9czozOiJuZXciO2E6MDp7fX19',1621875400),('7rLeOh8PPfaFtpfTLWtDmbmqMPdbQFoef5zWJMP4',NULL,'189.203.100.183','','YTozOntzOjY6Il90b2tlbiI7czo0MDoiMVVTNHQ2blE5YlVkUlJhS2I3cWhmODhhRmhBbjlPRExJVENlWkF2VCI7czo5OiJfcHJldmlvdXMiO2E6MTp7czozOiJ1cmwiO3M6NjE6Imh0dHBzOi8veHViYXguY29tL3Byb2R1eC9wdWJsaWMvQXBpL0xpZnRBbmRMZWFybi9nZXREYXRhc2V0LzkiO31zOjY6Il9mbGFzaCI7YToyOntzOjM6Im9sZCI7YTowOnt9czozOiJuZXciO2E6MDp7fX19',1621875251),('7SrxIandJWMLmKVTjDgcxvhV8hPc880o3knMQ2mg',NULL,'189.203.100.183','','YTozOntzOjY6Il90b2tlbiI7czo0MDoiRFU1WEVETnNQUDB4NDJvaEFTS29VZzd2VEcyb05ZWEZoYjJIMm5veSI7czo5OiJfcHJldmlvdXMiO2E6MTp7czozOiJ1cmwiO3M6NjE6Imh0dHBzOi8veHViYXguY29tL3Byb2R1eC9wdWJsaWMvQXBpL0xpZnRBbmRMZWFybi9nZXRBY3Rpb24vMTciO31zOjY6Il9mbGFzaCI7YToyOntzOjM6Im9sZCI7YTowOnt9czozOiJuZXciO2E6MDp7fX19',1621875226),('7yu8jar9V7oTHRp5cd6m2ojYHlke6VV9Wg32ZzzI',NULL,'189.203.100.183','','YTozOntzOjY6Il90b2tlbiI7czo0MDoiYUFRZGRGTTlKa3RkM2RxaGNaRzl4UHlmSmFYZ3Y0bXlzYlNtT0VUaiI7czo5OiJfcHJldmlvdXMiO2E6MTp7czozOiJ1cmwiO3M6NjE6Imh0dHBzOi8veHViYXguY29tL3Byb2R1eC9wdWJsaWMvQXBpL0xpZnRBbmRMZWFybi9nZXRBY3Rpb24vMTYiO31zOjY6Il9mbGFzaCI7YToyOntzOjM6Im9sZCI7YTowOnt9czozOiJuZXciO2E6MDp7fX19',1621875279),('7z1psbH2gP0k8UDcc6eHxPjXEmiKTg09dcCp9Zh8',NULL,'189.203.100.183','','YTozOntzOjY6Il90b2tlbiI7czo0MDoiQkl5cEtPR2pXZGpjbllZRGpMaVdWZXFoWVZpZGFqY0xBcXcyS0lSdiI7czo5OiJfcHJldmlvdXMiO2E6MTp7czozOiJ1cmwiO3M6NjE6Imh0dHBzOi8veHViYXguY29tL3Byb2R1eC9wdWJsaWMvQXBpL0xpZnRBbmRMZWFybi9nZXREYXRhc2V0LzkiO31zOjY6Il9mbGFzaCI7YToyOntzOjM6Im9sZCI7YTowOnt9czozOiJuZXciO2E6MDp7fX19',1621875379),('86F32jImjD7hagJV5IJW7Rotm9Y4a58ubsondDJ0',NULL,'189.203.100.183','','YTozOntzOjY6Il90b2tlbiI7czo0MDoiOGhKWWNabnhiZFFNSWJEd1FrNHpQbFlaM1U1NjlKUTFiSVlaYnF2RCI7czo5OiJfcHJldmlvdXMiO2E6MTp7czozOiJ1cmwiO3M6NjE6Imh0dHBzOi8veHViYXguY29tL3Byb2R1eC9wdWJsaWMvQXBpL0xpZnRBbmRMZWFybi9nZXRBY3Rpb24vMTciO31zOjY6Il9mbGFzaCI7YToyOntzOjM6Im9sZCI7YTowOnt9czozOiJuZXciO2E6MDp7fX19',1621875389),('8ABtETpZrY5No1SUN8EIcSPfVNcJ4ui4ikTV6D1l',NULL,'189.203.100.183','','YTozOntzOjY6Il90b2tlbiI7czo0MDoiMlhtN0pzb0VzM0V4QmxsSUt3QVhZbG80eUFTcXY1V3FMZEZ0UHVYNiI7czo5OiJfcHJldmlvdXMiO2E6MTp7czozOiJ1cmwiO3M6NjE6Imh0dHBzOi8veHViYXguY29tL3Byb2R1eC9wdWJsaWMvQXBpL0xpZnRBbmRMZWFybi9nZXREYXRhc2V0LzkiO31zOjY6Il9mbGFzaCI7YToyOntzOjM6Im9sZCI7YTowOnt9czozOiJuZXciO2E6MDp7fX19',1621875053),('8ajb7ukUuGuRjCTHBA1xbPCpALEonYAkT63sdADj',NULL,'189.203.100.183','','YTozOntzOjY6Il90b2tlbiI7czo0MDoidXR1Ujk5c2kxTXNadEh3VTloVkExTGlVeVZIbEJTZU1uYVdoeTZTMiI7czo5OiJfcHJldmlvdXMiO2E6MTp7czozOiJ1cmwiO3M6NjE6Imh0dHBzOi8veHViYXguY29tL3Byb2R1eC9wdWJsaWMvQXBpL0xpZnRBbmRMZWFybi9nZXRBY3Rpb24vMTYiO31zOjY6Il9mbGFzaCI7YToyOntzOjM6Im9sZCI7YTowOnt9czozOiJuZXciO2E6MDp7fX19',1621875102),('8GGRViCO0HAGVzBr1GyKpoxxU1mMEKMmdz1HoJy5',NULL,'189.203.100.183','','YTozOntzOjY6Il90b2tlbiI7czo0MDoiTDlqY1pvaVBRbUdZN3A0NFJUQmtET2xFbWR1cllWTXBtdFNIWm0xMyI7czo5OiJfcHJldmlvdXMiO2E6MTp7czozOiJ1cmwiO3M6NjE6Imh0dHBzOi8veHViYXguY29tL3Byb2R1eC9wdWJsaWMvQXBpL0xpZnRBbmRMZWFybi9nZXREYXRhc2V0LzkiO31zOjY6Il9mbGFzaCI7YToyOntzOjM6Im9sZCI7YTowOnt9czozOiJuZXciO2E6MDp7fX19',1621875203),('8ih9zwqsSutcTt8EHmWRXQ6730vuF5cWd6VxIH11',NULL,'189.203.100.183','','YTozOntzOjY6Il90b2tlbiI7czo0MDoiSU5CZ0c2dklqR0hlSmt0MDZIc1FYSGpSODcwQXFQMWt0UlJwUVZZdSI7czo5OiJfcHJldmlvdXMiO2E6MTp7czozOiJ1cmwiO3M6NjE6Imh0dHBzOi8veHViYXguY29tL3Byb2R1eC9wdWJsaWMvQXBpL0xpZnRBbmRMZWFybi9nZXREYXRhc2V0LzkiO31zOjY6Il9mbGFzaCI7YToyOntzOjM6Im9sZCI7YTowOnt9czozOiJuZXciO2E6MDp7fX19',1621875183),('8UVU5lV2EskGFPV8bEFI9u9tTll9TcbhvpzI1aNU',NULL,'189.203.100.183','','YTozOntzOjY6Il90b2tlbiI7czo0MDoiSjZCTllIVllHVkFPaUtpRlU0SXV5QUVYWnhXN3BPOHFRMGFpNVU2MSI7czo5OiJfcHJldmlvdXMiO2E6MTp7czozOiJ1cmwiO3M6NjE6Imh0dHBzOi8veHViYXguY29tL3Byb2R1eC9wdWJsaWMvQXBpL0xpZnRBbmRMZWFybi9nZXREYXRhc2V0LzkiO31zOjY6Il9mbGFzaCI7YToyOntzOjM6Im9sZCI7YTowOnt9czozOiJuZXciO2E6MDp7fX19',1621875366),('8xH1G1rXWb0B8IleXefGny2XBXyTQE2SPZ6aR3NA',NULL,'189.203.100.183','','YTozOntzOjY6Il90b2tlbiI7czo0MDoiRHdTV1BuS1NJSnhLWDl1YWNtemE3cTVwdWZwam1HbEk1cURUdTBobSI7czo5OiJfcHJldmlvdXMiO2E6MTp7czozOiJ1cmwiO3M6NjE6Imh0dHBzOi8veHViYXguY29tL3Byb2R1eC9wdWJsaWMvQXBpL0xpZnRBbmRMZWFybi9nZXRBY3Rpb24vMTkiO31zOjY6Il9mbGFzaCI7YToyOntzOjM6Im9sZCI7YTowOnt9czozOiJuZXciO2E6MDp7fX19',1621875344),('98Sm9t50iI3on6FeG7bYXbtSn5887svSfJOKldUn',NULL,'189.203.100.183','','YTozOntzOjY6Il90b2tlbiI7czo0MDoiTXF0OExReWZXSDg2eEdrOTZaYlE4VEVFV0lxMVoycUw5elFRNnZybCI7czo5OiJfcHJldmlvdXMiO2E6MTp7czozOiJ1cmwiO3M6NjE6Imh0dHBzOi8veHViYXguY29tL3Byb2R1eC9wdWJsaWMvQXBpL0xpZnRBbmRMZWFybi9nZXRBY3Rpb24vMTkiO31zOjY6Il9mbGFzaCI7YToyOntzOjM6Im9sZCI7YTowOnt9czozOiJuZXciO2E6MDp7fX19',1621875141),('9du9mwVfcmtPH0rGsIElbwN8TQ97f9WJuIZNQ8Qy',NULL,'189.203.100.183','','YTozOntzOjY6Il90b2tlbiI7czo0MDoicWtoTk5QZzVKbmJwQVBGZnFhd0o2bEhJMUJXWklzUDhuRFdGT09CYiI7czo5OiJfcHJldmlvdXMiO2E6MTp7czozOiJ1cmwiO3M6NjE6Imh0dHBzOi8veHViYXguY29tL3Byb2R1eC9wdWJsaWMvQXBpL0xpZnRBbmRMZWFybi9nZXREYXRhc2V0LzkiO31zOjY6Il9mbGFzaCI7YToyOntzOjM6Im9sZCI7YTowOnt9czozOiJuZXciO2E6MDp7fX19',1621875094),('9HkeTNjJZSGLzWd5Gx6V30SfFv7c5eOqrvkQ59jB',NULL,'189.203.100.183','','YTozOntzOjY6Il90b2tlbiI7czo0MDoiSjdFQ3MwVTVsU2E5ektoUWt3RHIxTzZ2NnQ2MXFmUFZhbjlLcU1hQiI7czo5OiJfcHJldmlvdXMiO2E6MTp7czozOiJ1cmwiO3M6NjE6Imh0dHBzOi8veHViYXguY29tL3Byb2R1eC9wdWJsaWMvQXBpL0xpZnRBbmRMZWFybi9nZXREYXRhc2V0LzkiO31zOjY6Il9mbGFzaCI7YToyOntzOjM6Im9sZCI7YTowOnt9czozOiJuZXciO2E6MDp7fX19',1621875352),('9M5YEssXJdaOaRgPlkyMqzBqm4jBnLhVViTizs08',NULL,'189.203.100.183','','YTozOntzOjY6Il90b2tlbiI7czo0MDoiWnkxYWM1UE1ObG5BYVpKZE5qMkNlRmlWVndQRkVnUGNEYTZhN3laSiI7czo5OiJfcHJldmlvdXMiO2E6MTp7czozOiJ1cmwiO3M6NjE6Imh0dHBzOi8veHViYXguY29tL3Byb2R1eC9wdWJsaWMvQXBpL0xpZnRBbmRMZWFybi9nZXRBY3Rpb24vMTciO31zOjY6Il9mbGFzaCI7YToyOntzOjM6Im9sZCI7YTowOnt9czozOiJuZXciO2E6MDp7fX19',1621875396),('9oBRJ1222ghWSkdKUHanxLCXyUAtf8HFXA3vqaC6',NULL,'189.203.100.183','','YTozOntzOjY6Il90b2tlbiI7czo0MDoiNk1ZSm94blVVV25SeDBPMG9zaUtyendPUjBqU1A4VWNxOUk1RmlVSyI7czo5OiJfcHJldmlvdXMiO2E6MTp7czozOiJ1cmwiO3M6NjE6Imh0dHBzOi8veHViYXguY29tL3Byb2R1eC9wdWJsaWMvQXBpL0xpZnRBbmRMZWFybi9nZXRBY3Rpb24vMTYiO31zOjY6Il9mbGFzaCI7YToyOntzOjM6Im9sZCI7YTowOnt9czozOiJuZXciO2E6MDp7fX19',1621875347),('9p3I7yAoPediq9p1N7MI8VQhJV9SsdeURJddC1KL',NULL,'189.203.100.183','','YTozOntzOjY6Il90b2tlbiI7czo0MDoiVTFza21JejRQaGE2Mmk4VkMxV3pkbU1DMnVRYzBQZnNKbzdxMkVxUiI7czo5OiJfcHJldmlvdXMiO2E6MTp7czozOiJ1cmwiO3M6NjE6Imh0dHBzOi8veHViYXguY29tL3Byb2R1eC9wdWJsaWMvQXBpL0xpZnRBbmRMZWFybi9nZXRBY3Rpb24vMTciO31zOjY6Il9mbGFzaCI7YToyOntzOjM6Im9sZCI7YTowOnt9czozOiJuZXciO2E6MDp7fX19',1621875341),('a0P8jxQe07HhPSsvcIGl8fK24lDOjndUx5Xb5tE2',NULL,'189.203.100.183','','YTozOntzOjY6Il90b2tlbiI7czo0MDoiNkg4RDlrbmRMSE5UTEh5Z21XMDhwcloxcHFOWlF2dm9NY2JEZ01mVyI7czo5OiJfcHJldmlvdXMiO2E6MTp7czozOiJ1cmwiO3M6NjE6Imh0dHBzOi8veHViYXguY29tL3Byb2R1eC9wdWJsaWMvQXBpL0xpZnRBbmRMZWFybi9nZXRBY3Rpb24vMTciO31zOjY6Il9mbGFzaCI7YToyOntzOjM6Im9sZCI7YTowOnt9czozOiJuZXciO2E6MDp7fX19',1621875260),('a3vhPjn0dqBSIvdVESEd6Au8ju7TifhsB4nzg4Ub',NULL,'189.203.100.183','','YTozOntzOjY6Il90b2tlbiI7czo0MDoibU1xazFvOU1qa21vTFVkaWJxQTlPSTRkd3g1M25sMmVkbUVkaGEyRCI7czo5OiJfcHJldmlvdXMiO2E6MTp7czozOiJ1cmwiO3M6NjE6Imh0dHBzOi8veHViYXguY29tL3Byb2R1eC9wdWJsaWMvQXBpL0xpZnRBbmRMZWFybi9nZXRBY3Rpb24vMTYiO31zOjY6Il9mbGFzaCI7YToyOntzOjM6Im9sZCI7YTowOnt9czozOiJuZXciO2E6MDp7fX19',1621875245),('agJXxZZ6pUMQnWrXAKcFDWFtqmqtgkBU20szXqJF',NULL,'189.203.100.183','','YTozOntzOjY6Il90b2tlbiI7czo0MDoiYTh2Q0RsblR3UjhyaVZrY0FUUUlmeUpEYmc5bDZLVmdhRDY3VmVReCI7czo5OiJfcHJldmlvdXMiO2E6MTp7czozOiJ1cmwiO3M6NjE6Imh0dHBzOi8veHViYXguY29tL3Byb2R1eC9wdWJsaWMvQXBpL0xpZnRBbmRMZWFybi9nZXRBY3Rpb24vMTciO31zOjY6Il9mbGFzaCI7YToyOntzOjM6Im9sZCI7YTowOnt9czozOiJuZXciO2E6MDp7fX19',1621875314),('ahhESOpq60NUoFVhn3hr0o7MI1clDssmQtC9mXF6',NULL,'189.203.100.183','','YTozOntzOjY6Il90b2tlbiI7czo0MDoiYnoyOTdCOTFMck9mdXI0Z1VBbzhxRUgzU2FaWU1RT1YwSHdZMWNHbyI7czo5OiJfcHJldmlvdXMiO2E6MTp7czozOiJ1cmwiO3M6NjE6Imh0dHBzOi8veHViYXguY29tL3Byb2R1eC9wdWJsaWMvQXBpL0xpZnRBbmRMZWFybi9nZXRBY3Rpb24vMTYiO31zOjY6Il9mbGFzaCI7YToyOntzOjM6Im9sZCI7YTowOnt9czozOiJuZXciO2E6MDp7fX19',1621875272),('As7mcn1MGQ0nOCHSK9uKW1YAfokIamI89NQF09cJ',NULL,'189.203.100.183','','YTozOntzOjY6Il90b2tlbiI7czo0MDoiWmxTSFJHeHk1OTJ6Qko0RDVpVUMwMGx5aVZEc0ZsNEdvMG1IMXNpTCI7czo5OiJfcHJldmlvdXMiO2E6MTp7czozOiJ1cmwiO3M6NjE6Imh0dHBzOi8veHViYXguY29tL3Byb2R1eC9wdWJsaWMvQXBpL0xpZnRBbmRMZWFybi9nZXRBY3Rpb24vMTciO31zOjY6Il9mbGFzaCI7YToyOntzOjM6Im9sZCI7YTowOnt9czozOiJuZXciO2E6MDp7fX19',1621875335),('ASysUZChDkqBrYQyl7FJisZ7WLTMnFDP7076OEkt',NULL,'189.203.100.183','','YTozOntzOjY6Il90b2tlbiI7czo0MDoiOWkyZDkwdDJGbEpkZ0pBQmt4WllNWGVoTEU3YmtyRzRqSHRKZ2VXQSI7czo5OiJfcHJldmlvdXMiO2E6MTp7czozOiJ1cmwiO3M6NjE6Imh0dHBzOi8veHViYXguY29tL3Byb2R1eC9wdWJsaWMvQXBpL0xpZnRBbmRMZWFybi9nZXRBY3Rpb24vMTgiO31zOjY6Il9mbGFzaCI7YToyOntzOjM6Im9sZCI7YTowOnt9czozOiJuZXciO2E6MDp7fX19',1621875398),('ATU2CcUqnHzjGbZJrdpL1CSqNoXOoBnoZQtm7ieh',NULL,'189.203.100.183','','YTozOntzOjY6Il90b2tlbiI7czo0MDoiWDFydjhFR25Dc1I1TVQ5dVIxMjNHTVFUQkNmN2I4d3J3ZFFkZWJ4RiI7czo5OiJfcHJldmlvdXMiO2E6MTp7czozOiJ1cmwiO3M6NjE6Imh0dHBzOi8veHViYXguY29tL3Byb2R1eC9wdWJsaWMvQXBpL0xpZnRBbmRMZWFybi9nZXREYXRhc2V0LzkiO31zOjY6Il9mbGFzaCI7YToyOntzOjM6Im9sZCI7YTowOnt9czozOiJuZXciO2E6MDp7fX19',1621875264),('B2ZeCcjFw10r58DyrZsgXjZvMM2MHe9IInestsj0',NULL,'189.203.100.183','','YTozOntzOjY6Il90b2tlbiI7czo0MDoieWl2TjJEa3NJek5YWVZTRklZNHhyell0RW1iWEV2U3Bldk55Zk1QWSI7czo5OiJfcHJldmlvdXMiO2E6MTp7czozOiJ1cmwiO3M6NjE6Imh0dHBzOi8veHViYXguY29tL3Byb2R1eC9wdWJsaWMvQXBpL0xpZnRBbmRMZWFybi9nZXREYXRhc2V0LzkiO31zOjY6Il9mbGFzaCI7YToyOntzOjM6Im9sZCI7YTowOnt9czozOiJuZXciO2E6MDp7fX19',1621875359),('b7TyRX3Gi78999doELlcGXiMtBrqKK4D3OvZHBNX',NULL,'189.203.100.183','','YTozOntzOjY6Il90b2tlbiI7czo0MDoiVlR2Y1psNEJ2Q3VWcHZJa2c5dEN1VEUwVktOejAybmpKdmE4TW9SZiI7czo5OiJfcHJldmlvdXMiO2E6MTp7czozOiJ1cmwiO3M6NjE6Imh0dHBzOi8veHViYXguY29tL3Byb2R1eC9wdWJsaWMvQXBpL0xpZnRBbmRMZWFybi9nZXREYXRhc2V0LzkiO31zOjY6Il9mbGFzaCI7YToyOntzOjM6Im9sZCI7YTowOnt9czozOiJuZXciO2E6MDp7fX19',1621875149),('BAmf5gXXfpXs3B9p5fCIXGeyI7VwGIUyG7OF5p46',NULL,'189.203.100.183','','YTozOntzOjY6Il90b2tlbiI7czo0MDoicmdLcFhucHpiMmJIY0tXclNUUHhqdVBsVmR2V21rWUFuQnRlZm1FeCI7czo5OiJfcHJldmlvdXMiO2E6MTp7czozOiJ1cmwiO3M6NjE6Imh0dHBzOi8veHViYXguY29tL3Byb2R1eC9wdWJsaWMvQXBpL0xpZnRBbmRMZWFybi9nZXREYXRhc2V0LzkiO31zOjY6Il9mbGFzaCI7YToyOntzOjM6Im9sZCI7YTowOnt9czozOiJuZXciO2E6MDp7fX19',1621875223),('BbWMIVbCu2w8qpeMT0QGLfUVuE4l9lFgem6BZsoO',NULL,'189.203.100.183','','YTozOntzOjY6Il90b2tlbiI7czo0MDoiclRQZW9IM0xENGxJbjNSQ0lYVjV2REY5cGV2YlF3UW5CUzNoQVhEcyI7czo5OiJfcHJldmlvdXMiO2E6MTp7czozOiJ1cmwiO3M6NjE6Imh0dHBzOi8veHViYXguY29tL3Byb2R1eC9wdWJsaWMvQXBpL0xpZnRBbmRMZWFybi9nZXRBY3Rpb24vMTciO31zOjY6Il9mbGFzaCI7YToyOntzOjM6Im9sZCI7YTowOnt9czozOiJuZXciO2E6MDp7fX19',1621875328),('bH1Ftu6hRyJWeAb897UtJ7qjoDskH3XjkcWW1ZmZ',NULL,'189.203.100.183','','YTozOntzOjY6Il90b2tlbiI7czo0MDoidlJuQkJpQXFza3h6M1d5YmZpQUJVYnRGWVc2MWExVHVUc2dEdDFveCI7czo5OiJfcHJldmlvdXMiO2E6MTp7czozOiJ1cmwiO3M6NjE6Imh0dHBzOi8veHViYXguY29tL3Byb2R1eC9wdWJsaWMvQXBpL0xpZnRBbmRMZWFybi9nZXRBY3Rpb24vMTgiO31zOjY6Il9mbGFzaCI7YToyOntzOjM6Im9sZCI7YTowOnt9czozOiJuZXciO2E6MDp7fX19',1621875031),('BId8P4Ku5RpU4rcJdQD4RvWSsxuBN7RambXbxHR1',NULL,'189.203.100.183','','YTozOntzOjY6Il90b2tlbiI7czo0MDoidE81aTZWRzc3dTRaUUdPV1hqWnY1WXNzYXNTR3VpUlU2MWYwa2dyeSI7czo5OiJfcHJldmlvdXMiO2E6MTp7czozOiJ1cmwiO3M6NjE6Imh0dHBzOi8veHViYXguY29tL3Byb2R1eC9wdWJsaWMvQXBpL0xpZnRBbmRMZWFybi9nZXRBY3Rpb24vMTYiO31zOjY6Il9mbGFzaCI7YToyOntzOjM6Im9sZCI7YTowOnt9czozOiJuZXciO2E6MDp7fX19',1621875333),('bk7yL70ZE8TmU5f8jeKxEh9XjhjV0Q5rIH9MU7Yh',NULL,'189.203.100.183','','YTozOntzOjY6Il90b2tlbiI7czo0MDoidUtJTnJUNlRScVFCWWtSU1h0TFk3ZlhtS2IyNzJnZ1c4dWNvTzNwWSI7czo5OiJfcHJldmlvdXMiO2E6MTp7czozOiJ1cmwiO3M6NjE6Imh0dHBzOi8veHViYXguY29tL3Byb2R1eC9wdWJsaWMvQXBpL0xpZnRBbmRMZWFybi9nZXRBY3Rpb24vMTkiO31zOjY6Il9mbGFzaCI7YToyOntzOjM6Im9sZCI7YTowOnt9czozOiJuZXciO2E6MDp7fX19',1621875242),('bWoIrR9d31EqLhrKBMkDAjIFxLPOs6FbVcXtzrT2',NULL,'189.203.100.183','','YTozOntzOjY6Il90b2tlbiI7czo0MDoiVFJaUVhBNm82WDBkaGtXamNVWUlPOVpwRmpKQlI5cHRyeXRmWFBNbyI7czo5OiJfcHJldmlvdXMiO2E6MTp7czozOiJ1cmwiO3M6NjE6Imh0dHBzOi8veHViYXguY29tL3Byb2R1eC9wdWJsaWMvQXBpL0xpZnRBbmRMZWFybi9nZXRBY3Rpb24vMTciO31zOjY6Il9mbGFzaCI7YToyOntzOjM6Im9sZCI7YTowOnt9czozOiJuZXciO2E6MDp7fX19',1621875362),('BX9S18z6hm5Eq0OAL0iUYWA1m5blGl5z6qntKr3y',NULL,'189.203.100.183','','YTozOntzOjY6Il90b2tlbiI7czo0MDoiaERsQkRoNjlobDZlS1ZWcW1NM2NXY1BiYzNJbU1pTE83VncyMXo5TyI7czo5OiJfcHJldmlvdXMiO2E6MTp7czozOiJ1cmwiO3M6NjE6Imh0dHBzOi8veHViYXguY29tL3Byb2R1eC9wdWJsaWMvQXBpL0xpZnRBbmRMZWFybi9nZXRBY3Rpb24vMTYiO31zOjY6Il9mbGFzaCI7YToyOntzOjM6Im9sZCI7YTowOnt9czozOiJuZXciO2E6MDp7fX19',1621875367),('bY7LzBW2eOQ2miCH1z6jcLgvz41aKnhbNQhUkTyn',NULL,'189.203.100.183','','YTozOntzOjY6Il90b2tlbiI7czo0MDoiUVhyNGpoWE9jV1hPN3BJVjhBdzVoTVVxM0c3R3Q5eDNTRnp4QkZCTSI7czo5OiJfcHJldmlvdXMiO2E6MTp7czozOiJ1cmwiO3M6NjE6Imh0dHBzOi8veHViYXguY29tL3Byb2R1eC9wdWJsaWMvQXBpL0xpZnRBbmRMZWFybi9nZXRBY3Rpb24vMTgiO31zOjY6Il9mbGFzaCI7YToyOntzOjM6Im9sZCI7YTowOnt9czozOiJuZXciO2E6MDp7fX19',1621875091),('c116V3wcOurvSasCLBUR41S1FkSdJPUnUDRG3PoU',NULL,'189.203.100.183','','YTozOntzOjY6Il90b2tlbiI7czo0MDoiSk5kS0ZHT21qZ3RZbmt3ZVdvckluQldxcVg0ZFQwZUVoSGFkRFZaTyI7czo5OiJfcHJldmlvdXMiO2E6MTp7czozOiJ1cmwiO3M6NjE6Imh0dHBzOi8veHViYXguY29tL3Byb2R1eC9wdWJsaWMvQXBpL0xpZnRBbmRMZWFybi9nZXRBY3Rpb24vMTkiO31zOjY6Il9mbGFzaCI7YToyOntzOjM6Im9sZCI7YTowOnt9czozOiJuZXciO2E6MDp7fX19',1621875133),('c9qdnpg1UPIGUTT6hJWnIrGtBOgl5i2a42YixeuC',NULL,'189.203.100.183','','YTozOntzOjY6Il90b2tlbiI7czo0MDoicDU3YUVmdmJUUFhaTjR3NHVVQ3dWYXJNMVZkRTRmNTlzdUpMaGM1RyI7czo5OiJfcHJldmlvdXMiO2E6MTp7czozOiJ1cmwiO3M6NjE6Imh0dHBzOi8veHViYXguY29tL3Byb2R1eC9wdWJsaWMvQXBpL0xpZnRBbmRMZWFybi9nZXREYXRhc2V0LzkiO31zOjY6Il9mbGFzaCI7YToyOntzOjM6Im9sZCI7YTowOnt9czozOiJuZXciO2E6MDp7fX19',1621875047),('cDooqvPAinq7iO0A7I6gku3NEtS8E0soq2JDw8CC',NULL,'189.203.100.183','','YTozOntzOjY6Il90b2tlbiI7czo0MDoicW84R1o1VWJsZHJRSldRZ0VQUUlQUTlYTTJPdGZLTk5QMDAzaHdRYyI7czo5OiJfcHJldmlvdXMiO2E6MTp7czozOiJ1cmwiO3M6NjE6Imh0dHBzOi8veHViYXguY29tL3Byb2R1eC9wdWJsaWMvQXBpL0xpZnRBbmRMZWFybi9nZXRBY3Rpb24vMTYiO31zOjY6Il9mbGFzaCI7YToyOntzOjM6Im9sZCI7YTowOnt9czozOiJuZXciO2E6MDp7fX19',1621875387),('CEjUmYzD93f1Sa9NSpHmJTDuggI298AlBash7juW',NULL,'189.203.100.183','','YTozOntzOjY6Il90b2tlbiI7czo0MDoibmJUQnFyVGZDWTJ2OFc1SGV5QzJzMGNveU9zM0FsMnRXVWVtZGdiQSI7czo5OiJfcHJldmlvdXMiO2E6MTp7czozOiJ1cmwiO3M6NjE6Imh0dHBzOi8veHViYXguY29tL3Byb2R1eC9wdWJsaWMvQXBpL0xpZnRBbmRMZWFybi9nZXRBY3Rpb24vMTkiO31zOjY6Il9mbGFzaCI7YToyOntzOjM6Im9sZCI7YTowOnt9czozOiJuZXciO2E6MDp7fX19',1621875249),('CVpn3pVr3JSUClKeQGvzj6UXnBUfptnIc1OjjZNB',NULL,'189.203.100.183','','YTozOntzOjY6Il90b2tlbiI7czo0MDoiNXJwckVQdVRxQlRDYWJpNUpDbUJNcEpZRnlzMEZpRUFOZHQ4SFc5RyI7czo5OiJfcHJldmlvdXMiO2E6MTp7czozOiJ1cmwiO3M6NjE6Imh0dHBzOi8veHViYXguY29tL3Byb2R1eC9wdWJsaWMvQXBpL0xpZnRBbmRMZWFybi9nZXRBY3Rpb24vMTkiO31zOjY6Il9mbGFzaCI7YToyOntzOjM6Im9sZCI7YTowOnt9czozOiJuZXciO2E6MDp7fX19',1621875209),('cw1WICnLAhgT6nuG29739uslDrVY6z9B7xRgeEJ8',NULL,'189.203.100.183','','YTozOntzOjY6Il90b2tlbiI7czo0MDoiMEhydk9aN1cwSlhTeE91TUtFV2daS2JWQ1pEMVpNWlBiaGNFYkV2RyI7czo5OiJfcHJldmlvdXMiO2E6MTp7czozOiJ1cmwiO3M6NjE6Imh0dHBzOi8veHViYXguY29tL3Byb2R1eC9wdWJsaWMvQXBpL0xpZnRBbmRMZWFybi9nZXRBY3Rpb24vMTkiO31zOjY6Il9mbGFzaCI7YToyOntzOjM6Im9sZCI7YTowOnt9czozOiJuZXciO2E6MDp7fX19',1621875154),('cw7pHfruxZBag27NXE6ZQzAJFwKvNCIp58FfJiFr',NULL,'189.203.100.183','','YTozOntzOjY6Il90b2tlbiI7czo0MDoiZlZUZ2R2bHlQZ0tPaXJ4cnV5VTJtOE4zdjFLcUJwOHAzNkZtRGFnTyI7czo5OiJfcHJldmlvdXMiO2E6MTp7czozOiJ1cmwiO3M6NjE6Imh0dHBzOi8veHViYXguY29tL3Byb2R1eC9wdWJsaWMvQXBpL0xpZnRBbmRMZWFybi9nZXREYXRhc2V0LzkiO31zOjY6Il9mbGFzaCI7YToyOntzOjM6Im9sZCI7YTowOnt9czozOiJuZXciO2E6MDp7fX19',1621875257),('d2ODnPt7pGGhmrM1ZpoPWT31nOZhLzK93bj4O0Ww',NULL,'189.203.100.183','','YTozOntzOjY6Il90b2tlbiI7czo0MDoiUEc0NXM4d2R1VVhpSXBOMlZmOFl1ZWJlandvQnM3SGhra1hrbE5HcyI7czo5OiJfcHJldmlvdXMiO2E6MTp7czozOiJ1cmwiO3M6NjE6Imh0dHBzOi8veHViYXguY29tL3Byb2R1eC9wdWJsaWMvQXBpL0xpZnRBbmRMZWFybi9nZXRBY3Rpb24vMTkiO31zOjY6Il9mbGFzaCI7YToyOntzOjM6Im9sZCI7YTowOnt9czozOiJuZXciO2E6MDp7fX19',1621875317),('dbdNDfcPgby4F1eQr1AX2ufqBCDiiuDLulnvUNOf',NULL,'189.203.100.183','','YTozOntzOjY6Il90b2tlbiI7czo0MDoiYTBkVks4aEVOUEdoTVY2WkhOM25ZaDdLOHQ3VU9OTm5NS0I5WDFucCI7czo5OiJfcHJldmlvdXMiO2E6MTp7czozOiJ1cmwiO3M6NjE6Imh0dHBzOi8veHViYXguY29tL3Byb2R1eC9wdWJsaWMvQXBpL0xpZnRBbmRMZWFybi9nZXRBY3Rpb24vMTkiO31zOjY6Il9mbGFzaCI7YToyOntzOjM6Im9sZCI7YTowOnt9czozOiJuZXciO2E6MDp7fX19',1621875175),('dE8Q3mkRm0FKZNXhX8SMnHqbF6TqB24sfv5cvNx5',NULL,'189.203.100.183','','YTozOntzOjY6Il90b2tlbiI7czo0MDoiRWkxbXZhQ3VpN1B4SHZlT3BXSXBwZTVmbllWMjBMWUV0YUxYcDRYcCI7czo5OiJfcHJldmlvdXMiO2E6MTp7czozOiJ1cmwiO3M6NjE6Imh0dHBzOi8veHViYXguY29tL3Byb2R1eC9wdWJsaWMvQXBpL0xpZnRBbmRMZWFybi9nZXRBY3Rpb24vMTgiO31zOjY6Il9mbGFzaCI7YToyOntzOjM6Im9sZCI7YTowOnt9czozOiJuZXciO2E6MDp7fX19',1621875098),('deAwVMgTBSRHUUlhD1cH0s1x70IzXLn9QQ61FAAf',NULL,'189.203.100.183','','YTozOntzOjY6Il90b2tlbiI7czo0MDoiUWdiRGNHUmp0WnRua2R5VnVBMHhNVDdlU0VqZXlPSUFTanV3VlRkSSI7czo5OiJfcHJldmlvdXMiO2E6MTp7czozOiJ1cmwiO3M6NjE6Imh0dHBzOi8veHViYXguY29tL3Byb2R1eC9wdWJsaWMvQXBpL0xpZnRBbmRMZWFybi9nZXRBY3Rpb24vMTkiO31zOjY6Il9mbGFzaCI7YToyOntzOjM6Im9sZCI7YTowOnt9czozOiJuZXciO2E6MDp7fX19',1621875119),('dePkFdXEsHXuhC6HysLgzF1rDVQfRwSX0hg2SrRV',NULL,'189.203.100.183','','YTozOntzOjY6Il90b2tlbiI7czo0MDoiREk4VkIwSURUQzBrYVo4QjVUYTBBM3RWWDNSanN2RE1yS0g1SldMeCI7czo5OiJfcHJldmlvdXMiO2E6MTp7czozOiJ1cmwiO3M6NjE6Imh0dHBzOi8veHViYXguY29tL3Byb2R1eC9wdWJsaWMvQXBpL0xpZnRBbmRMZWFybi9nZXRBY3Rpb24vMTkiO31zOjY6Il9mbGFzaCI7YToyOntzOjM6Im9sZCI7YTowOnt9czozOiJuZXciO2E6MDp7fX19',1621875263),('DKKibVLi4iNu6zPgfifmKrQFkwSDZa2O0RWxhc2p',NULL,'189.203.100.183','','YTozOntzOjY6Il90b2tlbiI7czo0MDoic1JCNXg0V3ZibVhDR1Fwd1F3M0YzUGJKZFdvOHpUZ2Y5Y2pLQVE4VyI7czo5OiJfcHJldmlvdXMiO2E6MTp7czozOiJ1cmwiO3M6NjE6Imh0dHBzOi8veHViYXguY29tL3Byb2R1eC9wdWJsaWMvQXBpL0xpZnRBbmRMZWFybi9nZXRBY3Rpb24vMTciO31zOjY6Il9mbGFzaCI7YToyOntzOjM6Im9sZCI7YTowOnt9czozOiJuZXciO2E6MDp7fX19',1621875138),('dR13KgKwkxRUQlZe8eagUub3B13sqfOTjCGOx7LZ',NULL,'189.203.100.183','','YTozOntzOjY6Il90b2tlbiI7czo0MDoiYm1BWnJIU2JIdDg5VTg1NHBHSDZ3N1d5NXFEbFhnbDdDYlE1RTJUTSI7czo5OiJfcHJldmlvdXMiO2E6MTp7czozOiJ1cmwiO3M6NjE6Imh0dHBzOi8veHViYXguY29tL3Byb2R1eC9wdWJsaWMvQXBpL0xpZnRBbmRMZWFybi9nZXRBY3Rpb24vMTkiO31zOjY6Il9mbGFzaCI7YToyOntzOjM6Im9sZCI7YTowOnt9czozOiJuZXciO2E6MDp7fX19',1621875093),('ds6h7XHjte6hcXbRMf4HZbBZLlEtrTGfwecM9wwA',NULL,'189.203.100.183','','YTozOntzOjY6Il90b2tlbiI7czo0MDoiWWZLc2dnb1c3SEJ5UG9TZlp2VkN2dWxzWVZ3YldLeTlyazRKNjBOeiI7czo5OiJfcHJldmlvdXMiO2E6MTp7czozOiJ1cmwiO3M6NjE6Imh0dHBzOi8veHViYXguY29tL3Byb2R1eC9wdWJsaWMvQXBpL0xpZnRBbmRMZWFybi9nZXRBY3Rpb24vMTciO31zOjY6Il9mbGFzaCI7YToyOntzOjM6Im9sZCI7YTowOnt9czozOiJuZXciO2E6MDp7fX19',1621875151),('dscGtsTCU10gmYRygAtLpbdPFrfsQgAY8pyNdioM',NULL,'189.203.100.183','','YTozOntzOjY6Il90b2tlbiI7czo0MDoiR2tnU0pocDFqSE4ycGdzdFY5ejVENlA2QlNlM2M4VW5sYURhMU8wdyI7czo5OiJfcHJldmlvdXMiO2E6MTp7czozOiJ1cmwiO3M6NjE6Imh0dHBzOi8veHViYXguY29tL3Byb2R1eC9wdWJsaWMvQXBpL0xpZnRBbmRMZWFybi9nZXRBY3Rpb24vMTciO31zOjY6Il9mbGFzaCI7YToyOntzOjM6Im9sZCI7YTowOnt9czozOiJuZXciO2E6MDp7fX19',1621875199),('dWpjUnwrg53bEelnxn7S2CbLwcHYGoctR46oGg0B',NULL,'189.203.100.183','','YTozOntzOjY6Il90b2tlbiI7czo0MDoiOUhMbWlSbXJmbXdJMnJURDlqem16bGhZb2hkM0NrN0o5b0x1c24yQyI7czo5OiJfcHJldmlvdXMiO2E6MTp7czozOiJ1cmwiO3M6NjE6Imh0dHBzOi8veHViYXguY29tL3Byb2R1eC9wdWJsaWMvQXBpL0xpZnRBbmRMZWFybi9nZXRBY3Rpb24vMTgiO31zOjY6Il9mbGFzaCI7YToyOntzOjM6Im9sZCI7YTowOnt9czozOiJuZXciO2E6MDp7fX19',1621875282),('dY4fFtLB08vgZpGjkA1QjKKHQvouAfsI74d5MIYX',NULL,'189.203.100.183','','YTozOntzOjY6Il90b2tlbiI7czo0MDoiMDI2T055cVpjZFRBVnZQd0phZUJSZU5IWjJRWWNoaDB0VGJQVGRHTyI7czo5OiJfcHJldmlvdXMiO2E6MTp7czozOiJ1cmwiO3M6NjE6Imh0dHBzOi8veHViYXguY29tL3Byb2R1eC9wdWJsaWMvQXBpL0xpZnRBbmRMZWFybi9nZXRBY3Rpb24vMTYiO31zOjY6Il9mbGFzaCI7YToyOntzOjM6Im9sZCI7YTowOnt9czozOiJuZXciO2E6MDp7fX19',1621875041),('dypD4RIL6B9ZpWsoVDJEUFhc2Qy3wq8c7vFS4oyb',NULL,'189.203.100.183','','YTozOntzOjY6Il90b2tlbiI7czo0MDoidnZxd0ZrQVk5NkxzakZRWGo4QUxGQVJkT0tWWGpPRUw4bEVXYkI4byI7czo5OiJfcHJldmlvdXMiO2E6MTp7czozOiJ1cmwiO3M6NjE6Imh0dHBzOi8veHViYXguY29tL3Byb2R1eC9wdWJsaWMvQXBpL0xpZnRBbmRMZWFybi9nZXRBY3Rpb24vMTciO31zOjY6Il9mbGFzaCI7YToyOntzOjM6Im9sZCI7YTowOnt9czozOiJuZXciO2E6MDp7fX19',1621875090),('e075CrrBwi7UiXZxWGUSvsIm0nstcKb8azAss20B',NULL,'189.203.100.183','','YTozOntzOjY6Il90b2tlbiI7czo0MDoicW44ckNjano0Y2dDVGxqS2FRcXZwaU9JVlozNnJlSHJMdmxpMUpLNyI7czo5OiJfcHJldmlvdXMiO2E6MTp7czozOiJ1cmwiO3M6NjE6Imh0dHBzOi8veHViYXguY29tL3Byb2R1eC9wdWJsaWMvQXBpL0xpZnRBbmRMZWFybi9nZXRBY3Rpb24vMTYiO31zOjY6Il9mbGFzaCI7YToyOntzOjM6Im9sZCI7YTowOnt9czozOiJuZXciO2E6MDp7fX19',1621875109),('E5grntwchhItfaj1kszs5C57OdY1vn1CWmjwjGgc',NULL,'189.203.100.183','','YTozOntzOjY6Il90b2tlbiI7czo0MDoiYmRWdlh3QUpKbjF1ZkprdzRMSk4xMEVrUXRwMzlrQm1tcExpVk5ZaCI7czo5OiJfcHJldmlvdXMiO2E6MTp7czozOiJ1cmwiO3M6NjE6Imh0dHBzOi8veHViYXguY29tL3Byb2R1eC9wdWJsaWMvQXBpL0xpZnRBbmRMZWFybi9nZXRBY3Rpb24vMTYiO31zOjY6Il9mbGFzaCI7YToyOntzOjM6Im9sZCI7YTowOnt9czozOiJuZXciO2E6MDp7fX19',1621875340),('EaY8lvq2cbPQ9EiQ1ivxJZI7y7LnSv89vvbulfpR',NULL,'189.203.100.183','','YTozOntzOjY6Il90b2tlbiI7czo0MDoic0dmZ1NCR1NrTnllVHNPOXBEWkt3dFo4SkxJc3paSlNtWENWZEJ3NyI7czo5OiJfcHJldmlvdXMiO2E6MTp7czozOiJ1cmwiO3M6NjE6Imh0dHBzOi8veHViYXguY29tL3Byb2R1eC9wdWJsaWMvQXBpL0xpZnRBbmRMZWFybi9nZXREYXRhc2V0LzkiO31zOjY6Il9mbGFzaCI7YToyOntzOjM6Im9sZCI7YTowOnt9czozOiJuZXciO2E6MDp7fX19',1621875210),('eBjJeSXsuwSwfqiKd9Ojlo0AWOpdOhXpGUkYP2Qn',NULL,'189.203.100.183','','YTozOntzOjY6Il90b2tlbiI7czo0MDoiMEpqVnpHSDNUWDV5MFN1MGc2enFQcFgwS2pFMHdRVFNMT1I2eU1UTSI7czo5OiJfcHJldmlvdXMiO2E6MTp7czozOiJ1cmwiO3M6NjE6Imh0dHBzOi8veHViYXguY29tL3Byb2R1eC9wdWJsaWMvQXBpL0xpZnRBbmRMZWFybi9nZXRBY3Rpb24vMTciO31zOjY6Il9mbGFzaCI7YToyOntzOjM6Im9sZCI7YTowOnt9czozOiJuZXciO2E6MDp7fX19',1621875233),('eC0HSi82G5vNa6J4s2JvdaHNZYY1dPritdODzqGA',NULL,'189.203.100.183','','YTozOntzOjY6Il90b2tlbiI7czo0MDoiZ3Z6Nk9SUWVBWk91V3hzdG1ROUN0WjljUkl5TVdXUmZaV2twT2NDWSI7czo5OiJfcHJldmlvdXMiO2E6MTp7czozOiJ1cmwiO3M6NjE6Imh0dHBzOi8veHViYXguY29tL3Byb2R1eC9wdWJsaWMvQXBpL0xpZnRBbmRMZWFybi9nZXRBY3Rpb24vMTkiO31zOjY6Il9mbGFzaCI7YToyOntzOjM6Im9sZCI7YTowOnt9czozOiJuZXciO2E6MDp7fX19',1621875331),('eCI7qHBqoxmVnBzgeGmVn7th6gu89hCFqYYI0uAu',NULL,'189.203.100.183','','YTozOntzOjY6Il90b2tlbiI7czo0MDoidkNTZHFGM0xNbW5GOXpWMmc2emFmMno1b1h1VmxrZWFiSUpORFBCcCI7czo5OiJfcHJldmlvdXMiO2E6MTp7czozOiJ1cmwiO3M6NjE6Imh0dHBzOi8veHViYXguY29tL3Byb2R1eC9wdWJsaWMvQXBpL0xpZnRBbmRMZWFybi9nZXRBY3Rpb24vMTYiO31zOjY6Il9mbGFzaCI7YToyOntzOjM6Im9sZCI7YTowOnt9czozOiJuZXciO2E6MDp7fX19',1621875157),('eDglSazyGxhA7WzlIa0nwI4tVszZyjhjJtgPuL3N',NULL,'189.203.100.183','','YTozOntzOjY6Il90b2tlbiI7czo0MDoid3JCelJKaTJRTlh5VWlUY3FENHdxbmx3OXltS05FTTJkYjZlSW5GYiI7czo5OiJfcHJldmlvdXMiO2E6MTp7czozOiJ1cmwiO3M6NjE6Imh0dHBzOi8veHViYXguY29tL3Byb2R1eC9wdWJsaWMvQXBpL0xpZnRBbmRMZWFybi9nZXRBY3Rpb24vMTciO31zOjY6Il9mbGFzaCI7YToyOntzOjM6Im9sZCI7YTowOnt9czozOiJuZXciO2E6MDp7fX19',1621875206),('eFwP7KWZqzSnoFEbDmCN0ma0chPZSBeEC8pYvkZQ',NULL,'189.203.100.183','','YTozOntzOjY6Il90b2tlbiI7czo0MDoib2lNRmxVU29qdzhGUEgwY0dRY0pob3Y3Mm40aFc2N2V0RVc1T2xaeCI7czo5OiJfcHJldmlvdXMiO2E6MTp7czozOiJ1cmwiO3M6NjE6Imh0dHBzOi8veHViYXguY29tL3Byb2R1eC9wdWJsaWMvQXBpL0xpZnRBbmRMZWFybi9nZXRBY3Rpb24vMTciO31zOjY6Il9mbGFzaCI7YToyOntzOjM6Im9sZCI7YTowOnt9czozOiJuZXciO2E6MDp7fX19',1621875070),('ejOWX5R26Gm1H1x9wHxk7xn2LnkypRVnfOzmCEr4',NULL,'189.203.100.183','','YTozOntzOjY6Il90b2tlbiI7czo0MDoiOEpMYnl2aFd0ZzczelRZRGlwT2lxNWg4WGxLUFM3UEp1MWtPOHNoZCI7czo5OiJfcHJldmlvdXMiO2E6MTp7czozOiJ1cmwiO3M6NjE6Imh0dHBzOi8veHViYXguY29tL3Byb2R1eC9wdWJsaWMvQXBpL0xpZnRBbmRMZWFybi9nZXREYXRhc2V0LzkiO31zOjY6Il9mbGFzaCI7YToyOntzOjM6Im9sZCI7YTowOnt9czozOiJuZXciO2E6MDp7fX19',1621875285),('eLCDr0jgd3xoiCPl0qhuHd5edGk7OtLhKakmG572',NULL,'189.203.100.183','','YTozOntzOjY6Il90b2tlbiI7czo0MDoidTM1ZUQ2NzJWeFNBT2hFR0h2TmZWRk50RVVTTUVabzVTSmNWYVBBNiI7czo5OiJfcHJldmlvdXMiO2E6MTp7czozOiJ1cmwiO3M6NjE6Imh0dHBzOi8veHViYXguY29tL3Byb2R1eC9wdWJsaWMvQXBpL0xpZnRBbmRMZWFybi9nZXRBY3Rpb24vMTgiO31zOjY6Il9mbGFzaCI7YToyOntzOjM6Im9sZCI7YTowOnt9czozOiJuZXciO2E6MDp7fX19',1621875024),('ELpXae2QNQTXxH02wNLff3sNvkjbhxK8OfgHcAgS',NULL,'189.203.100.183','','YTozOntzOjY6Il90b2tlbiI7czo0MDoiV1ZtUUpOUTh6S0RONThjZHlvUUNuOTlnTXpUVjlyOHV4aGlVRGhjTCI7czo5OiJfcHJldmlvdXMiO2E6MTp7czozOiJ1cmwiO3M6NjE6Imh0dHBzOi8veHViYXguY29tL3Byb2R1eC9wdWJsaWMvQXBpL0xpZnRBbmRMZWFybi9nZXRBY3Rpb24vMTciO31zOjY6Il9mbGFzaCI7YToyOntzOjM6Im9sZCI7YTowOnt9czozOiJuZXciO2E6MDp7fX19',1621875063),('eNRgIMfEJtfF3MuF2mWE2XAC76fputbgpp8lDNsP',NULL,'189.203.100.183','','YTozOntzOjY6Il90b2tlbiI7czo0MDoiUXAyenNDRGl6eDJxeW5GeE1pbEI1Mk9McGgzbTZwdkpoNzU0NU11ViI7czo5OiJfcHJldmlvdXMiO2E6MTp7czozOiJ1cmwiO3M6NjE6Imh0dHBzOi8veHViYXguY29tL3Byb2R1eC9wdWJsaWMvQXBpL0xpZnRBbmRMZWFybi9nZXRBY3Rpb24vMTgiO31zOjY6Il9mbGFzaCI7YToyOntzOjM6Im9sZCI7YTowOnt9czozOiJuZXciO2E6MDp7fX19',1621875173),('EqkK9m9tn1rD9t5pYEjnv4oM6NUX5aCh85Mwudk7',NULL,'189.203.100.183','','YTozOntzOjY6Il90b2tlbiI7czo0MDoieERXaTFodVppaWJlQm9pVGpuSGE0QWpuQVp6cjZabmkxSVI3aW1qSyI7czo5OiJfcHJldmlvdXMiO2E6MTp7czozOiJ1cmwiO3M6NjE6Imh0dHBzOi8veHViYXguY29tL3Byb2R1eC9wdWJsaWMvQXBpL0xpZnRBbmRMZWFybi9nZXRBY3Rpb24vMTciO31zOjY6Il9mbGFzaCI7YToyOntzOjM6Im9sZCI7YTowOnt9czozOiJuZXciO2E6MDp7fX19',1621875355),('Erui6eRsjCPWLzWr86ze9SpbIA8ZA87iUzEIRPNx',NULL,'189.203.100.183','','YTozOntzOjY6Il90b2tlbiI7czo0MDoieURmNTNCNHJiTExobDViczZLVmdXSVYxejI4U243N3FHUTN2RGVrZCI7czo5OiJfcHJldmlvdXMiO2E6MTp7czozOiJ1cmwiO3M6NjE6Imh0dHBzOi8veHViYXguY29tL3Byb2R1eC9wdWJsaWMvQXBpL0xpZnRBbmRMZWFybi9nZXRBY3Rpb24vMTgiO31zOjY6Il9mbGFzaCI7YToyOntzOjM6Im9sZCI7YTowOnt9czozOiJuZXciO2E6MDp7fX19',1621875044),('faAulNXT82Vm7heisNHhNqjGjHMmTjYCc5TTcmaK',NULL,'189.203.100.183','','YTozOntzOjY6Il90b2tlbiI7czo0MDoibUdqczdNdm9OQXRYVU9ET29LUW5hR2pETVl0WmtJT1hGNU1DMkloQyI7czo5OiJfcHJldmlvdXMiO2E6MTp7czozOiJ1cmwiO3M6NjE6Imh0dHBzOi8veHViYXguY29tL3Byb2R1eC9wdWJsaWMvQXBpL0xpZnRBbmRMZWFybi9nZXRBY3Rpb24vMTkiO31zOjY6Il9mbGFzaCI7YToyOntzOjM6Im9sZCI7YTowOnt9czozOiJuZXciO2E6MDp7fX19',1621875059),('FAI46QME8UsfCpQk6zXVN7T6XgH6DS7C3A13iMtW',NULL,'189.203.100.183','','YTozOntzOjY6Il90b2tlbiI7czo0MDoiOHRPUWcwS0p1OTNHSlhJT3UyM242ZmZKYzJpTVVTNUZBUEg2b1YwWCI7czo5OiJfcHJldmlvdXMiO2E6MTp7czozOiJ1cmwiO3M6NjE6Imh0dHBzOi8veHViYXguY29tL3Byb2R1eC9wdWJsaWMvQXBpL0xpZnRBbmRMZWFybi9nZXRBY3Rpb24vMTgiO31zOjY6Il9mbGFzaCI7YToyOntzOjM6Im9sZCI7YTowOnt9czozOiJuZXciO2E6MDp7fX19',1621875329),('fjqWrCn9HlDggx8wwQOFtMPspg9CYO6OV6uXWwlY',NULL,'189.203.100.183','','YTozOntzOjY6Il90b2tlbiI7czo0MDoiNllVNU1sRWt6eEt2dXlyRDNveXFjR1FYRG5OSzFkc04xQ3RzQnRCMyI7czo5OiJfcHJldmlvdXMiO2E6MTp7czozOiJ1cmwiO3M6NjE6Imh0dHBzOi8veHViYXguY29tL3Byb2R1eC9wdWJsaWMvQXBpL0xpZnRBbmRMZWFybi9nZXRBY3Rpb24vMTciO31zOjY6Il9mbGFzaCI7YToyOntzOjM6Im9sZCI7YTowOnt9czozOiJuZXciO2E6MDp7fX19',1621875172),('fllhlPn1e1wR5bihySgPzIiCpTzcY2e2P0MF7fNK',NULL,'189.203.100.183','','YTozOntzOjY6Il90b2tlbiI7czo0MDoia1hISUtNaUw0S3B3Y3dCemI3Rml0eW1oZUd2Z1hGS0Q0VW9TZ2kxOSI7czo5OiJfcHJldmlvdXMiO2E6MTp7czozOiJ1cmwiO3M6NjE6Imh0dHBzOi8veHViYXguY29tL3Byb2R1eC9wdWJsaWMvQXBpL0xpZnRBbmRMZWFybi9nZXRBY3Rpb24vMTYiO31zOjY6Il9mbGFzaCI7YToyOntzOjM6Im9sZCI7YTowOnt9czozOiJuZXciO2E6MDp7fX19',1621875402),('fPBrYl0YinxkE6q7f8oqOhkXA1Rk1arNiL6RFN0l',NULL,'189.203.100.183','','YTozOntzOjY6Il90b2tlbiI7czo0MDoiSDlsaVM1Uk54cW14QXBGV2tyNHljdXpxZkE5c0czVFg0ajBPRFVjNCI7czo5OiJfcHJldmlvdXMiO2E6MTp7czozOiJ1cmwiO3M6NjE6Imh0dHBzOi8veHViYXguY29tL3Byb2R1eC9wdWJsaWMvQXBpL0xpZnRBbmRMZWFybi9nZXREYXRhc2V0LzkiO31zOjY6Il9mbGFzaCI7YToyOntzOjM6Im9sZCI7YTowOnt9czozOiJuZXciO2E6MDp7fX19',1621875346),('FUkaGekI5N1uFIQhCDzQlcupMPkNrUXUMcimRZtF',NULL,'189.203.100.183','','YTozOntzOjY6Il90b2tlbiI7czo0MDoiOTg4YWQ0VUpuYWliUzRyb3NBbDRhdEh0N3dyY1dIMjE1Ym05Q0lqUSI7czo5OiJfcHJldmlvdXMiO2E6MTp7czozOiJ1cmwiO3M6NjE6Imh0dHBzOi8veHViYXguY29tL3Byb2R1eC9wdWJsaWMvQXBpL0xpZnRBbmRMZWFybi9nZXRBY3Rpb24vMTYiO31zOjY6Il9mbGFzaCI7YToyOntzOjM6Im9sZCI7YTowOnt9czozOiJuZXciO2E6MDp7fX19',1621875293),('fuvnKozCqvLxHaIS3sfN5ol5wDsZivsB5kbfHmOi',NULL,'189.203.100.183','','YTozOntzOjY6Il90b2tlbiI7czo0MDoiZUJjc2VkdkJKSGJKdzFaYU1SWm85V2pOSkRESzRxSXZqQm42eW5oNyI7czo5OiJfcHJldmlvdXMiO2E6MTp7czozOiJ1cmwiO3M6NjE6Imh0dHBzOi8veHViYXguY29tL3Byb2R1eC9wdWJsaWMvQXBpL0xpZnRBbmRMZWFybi9nZXRBY3Rpb24vMTYiO31zOjY6Il9mbGFzaCI7YToyOntzOjM6Im9sZCI7YTowOnt9czozOiJuZXciO2E6MDp7fX19',1621875061),('FYHngqxgd94uTX6uEBiDnfkpQD6I78skItDTV4vH',NULL,'189.203.100.183','','YTozOntzOjY6Il90b2tlbiI7czo0MDoiNk53RUlseUJwVWdEWUxIelJocHJmR0JvMTdUREFYU3J5SUxnVUJHayI7czo5OiJfcHJldmlvdXMiO2E6MTp7czozOiJ1cmwiO3M6NjE6Imh0dHBzOi8veHViYXguY29tL3Byb2R1eC9wdWJsaWMvQXBpL0xpZnRBbmRMZWFybi9nZXRBY3Rpb24vMTYiO31zOjY6Il9mbGFzaCI7YToyOntzOjM6Im9sZCI7YTowOnt9czozOiJuZXciO2E6MDp7fX19',1621875238),('fz2PbgDnWX5ocJTQyaFvJjxOIk0niTV6CJUGQogv',NULL,'189.203.100.183','','YTozOntzOjY6Il90b2tlbiI7czo0MDoiVGJsRmRodmp3VURGRjVpYVFjbVdGbVJKRGl2dDd5NXpvdW5CR3VucSI7czo5OiJfcHJldmlvdXMiO2E6MTp7czozOiJ1cmwiO3M6NjE6Imh0dHBzOi8veHViYXguY29tL3Byb2R1eC9wdWJsaWMvQXBpL0xpZnRBbmRMZWFybi9nZXRBY3Rpb24vMTkiO31zOjY6Il9mbGFzaCI7YToyOntzOjM6Im9sZCI7YTowOnt9czozOiJuZXciO2E6MDp7fX19',1621875161),('G9bytLe2JQrJSbhCDMVQqj0EMyWdHdSDNO1DHg8u',NULL,'189.203.100.183','','YTozOntzOjY6Il90b2tlbiI7czo0MDoiZTB0M2FhYkVSTWh5eTFkb29Calp1YnZLRmY1RFZwaEZxNGJsbEI0OCI7czo5OiJfcHJldmlvdXMiO2E6MTp7czozOiJ1cmwiO3M6NjE6Imh0dHBzOi8veHViYXguY29tL3Byb2R1eC9wdWJsaWMvQXBpL0xpZnRBbmRMZWFybi9nZXRBY3Rpb24vMTYiO31zOjY6Il9mbGFzaCI7YToyOntzOjM6Im9sZCI7YTowOnt9czozOiJuZXciO2E6MDp7fX19',1621875035),('gfgRoAJoDjGlQiQReumNnGz2RE3BoTmSVxIDxMxu',NULL,'189.203.100.183','','YTozOntzOjY6Il90b2tlbiI7czo0MDoiT3B0bTh2ZDdYYkE3Q2I5OWxweGNQT2NZTHVnTUVvc1IyYVZ1YW5JVyI7czo5OiJfcHJldmlvdXMiO2E6MTp7czozOiJ1cmwiO3M6NjE6Imh0dHBzOi8veHViYXguY29tL3Byb2R1eC9wdWJsaWMvQXBpL0xpZnRBbmRMZWFybi9nZXREYXRhc2V0LzkiO31zOjY6Il9mbGFzaCI7YToyOntzOjM6Im9sZCI7YTowOnt9czozOiJuZXciO2E6MDp7fX19',1621875081),('GjEND3gZPwQlVE3svz5EJnKgSQAMncS7gIrPyKUC',NULL,'189.203.100.183','','YTozOntzOjY6Il90b2tlbiI7czo0MDoid01Jd2Q4UDVkejZMQXpENmREZ3QzME1lUmZ3UVliR3lEM2hHNFh5NiI7czo5OiJfcHJldmlvdXMiO2E6MTp7czozOiJ1cmwiO3M6NjE6Imh0dHBzOi8veHViYXguY29tL3Byb2R1eC9wdWJsaWMvQXBpL0xpZnRBbmRMZWFybi9nZXRBY3Rpb24vMTYiO31zOjY6Il9mbGFzaCI7YToyOntzOjM6Im9sZCI7YTowOnt9czozOiJuZXciO2E6MDp7fX19',1621875184),('gPGOCGyR4OIq2nMqqOeZpMf4vy3nDeD9Bdlz7zQu',NULL,'189.203.100.183','','YTozOntzOjY6Il90b2tlbiI7czo0MDoiQ1M5YndSdFNjYUw2YnBCTzVHcndsanRhajdla2Z0dW9NTnU2bTZ1UyI7czo5OiJfcHJldmlvdXMiO2E6MTp7czozOiJ1cmwiO3M6NjE6Imh0dHBzOi8veHViYXguY29tL3Byb2R1eC9wdWJsaWMvQXBpL0xpZnRBbmRMZWFybi9nZXRBY3Rpb24vMTciO31zOjY6Il9mbGFzaCI7YToyOntzOjM6Im9sZCI7YTowOnt9czozOiJuZXciO2E6MDp7fX19',1621875294),('GuTUSHkmTxHmsW1AWPNZB6eyBW7MctlxNCzWTkNB',NULL,'189.203.100.183','','YTozOntzOjY6Il90b2tlbiI7czo0MDoid1hKTWUzNlMxUjNCNWZRbWRxU0tIQ2ROYjVhdFlPbzBITk15SHd4MyI7czo5OiJfcHJldmlvdXMiO2E6MTp7czozOiJ1cmwiO3M6NjE6Imh0dHBzOi8veHViYXguY29tL3Byb2R1eC9wdWJsaWMvQXBpL0xpZnRBbmRMZWFybi9nZXRBY3Rpb24vMTgiO31zOjY6Il9mbGFzaCI7YToyOntzOjM6Im9sZCI7YTowOnt9czozOiJuZXciO2E6MDp7fX19',1621875363),('GXFXjYfNWZDFcWPZSMTR5cVkrKbChWmTGgQfpsCV',NULL,'189.203.100.183','','YTozOntzOjY6Il90b2tlbiI7czo0MDoiVFZZdXJsOWZyeGVSeW5mZUE2Wm1pRm5iVmJtcU9WRmo2Q1FtQ00zYyI7czo5OiJfcHJldmlvdXMiO2E6MTp7czozOiJ1cmwiO3M6NjE6Imh0dHBzOi8veHViYXguY29tL3Byb2R1eC9wdWJsaWMvQXBpL0xpZnRBbmRMZWFybi9nZXREYXRhc2V0LzkiO31zOjY6Il9mbGFzaCI7YToyOntzOjM6Im9sZCI7YTowOnt9czozOiJuZXciO2E6MDp7fX19',1621875101),('gZ6ke9yEpEoKH2WBCRq9c5AGaouXNvrJpKNzP2sh',NULL,'189.203.100.183','','YTozOntzOjY6Il90b2tlbiI7czo0MDoiWVVsR1FKak9XVFNCdzBMVDZyN3dLWTBaMFdESXRYUUVveU9wRDdnRyI7czo5OiJfcHJldmlvdXMiO2E6MTp7czozOiJ1cmwiO3M6NjE6Imh0dHBzOi8veHViYXguY29tL3Byb2R1eC9wdWJsaWMvQXBpL0xpZnRBbmRMZWFybi9nZXRBY3Rpb24vMTciO31zOjY6Il9mbGFzaCI7YToyOntzOjM6Im9sZCI7YTowOnt9czozOiJuZXciO2E6MDp7fX19',1621875022),('H85kVgQmpIDwZNSKKnOz9UzkxkRJfS3cyhzdcWdW',NULL,'189.203.100.183','','YTozOntzOjY6Il90b2tlbiI7czo0MDoiaklrUGRKdllDU0lxV3NzbHJPTGw0akZnZ3FQTHE1dk5VV3hZU1RKaCI7czo5OiJfcHJldmlvdXMiO2E6MTp7czozOiJ1cmwiO3M6NjE6Imh0dHBzOi8veHViYXguY29tL3Byb2R1eC9wdWJsaWMvQXBpL0xpZnRBbmRMZWFybi9nZXRBY3Rpb24vMTkiO31zOjY6Il9mbGFzaCI7YToyOntzOjM6Im9sZCI7YTowOnt9czozOiJuZXciO2E6MDp7fX19',1621875324),('h9JYEOz56gwp87CVPB8QfjtFORm0r7yokdX9q75f',NULL,'189.203.100.183','','YTozOntzOjY6Il90b2tlbiI7czo0MDoid2lpcEdvelVvbk5vY2U2TUM2UmhNdjREb3pzUzJ1b2tBbnRZSFlhYyI7czo5OiJfcHJldmlvdXMiO2E6MTp7czozOiJ1cmwiO3M6NjE6Imh0dHBzOi8veHViYXguY29tL3Byb2R1eC9wdWJsaWMvQXBpL0xpZnRBbmRMZWFybi9nZXREYXRhc2V0LzkiO31zOjY6Il9mbGFzaCI7YToyOntzOjM6Im9sZCI7YTowOnt9czozOiJuZXciO2E6MDp7fX19',1621875332),('HA9LlYvhKxtRJINJrsQRRaylL23hMstwy8XHkjgr',NULL,'189.203.100.183','','YTozOntzOjY6Il90b2tlbiI7czo0MDoiUTQxMjNhWGJJVUswV1cya0FUYkZEQXF3ajB4V1NnOEZScktwNlFhMiI7czo5OiJfcHJldmlvdXMiO2E6MTp7czozOiJ1cmwiO3M6NjE6Imh0dHBzOi8veHViYXguY29tL3Byb2R1eC9wdWJsaWMvQXBpL0xpZnRBbmRMZWFybi9nZXRBY3Rpb24vMTciO31zOjY6Il9mbGFzaCI7YToyOntzOjM6Im9sZCI7YTowOnt9czozOiJuZXciO2E6MDp7fX19',1621875213),('HLUnwCPLGfm8TTjLt1AoTtbUjim1z4jV46h8ALf1',NULL,'189.203.100.183','','YTozOntzOjY6Il90b2tlbiI7czo0MDoieXhoREFUY1dRRjRnQUVmNHllcWtlU3lTd0hwSWhVSnVQOU4xenY3eCI7czo5OiJfcHJldmlvdXMiO2E6MTp7czozOiJ1cmwiO3M6NjE6Imh0dHBzOi8veHViYXguY29tL3Byb2R1eC9wdWJsaWMvQXBpL0xpZnRBbmRMZWFybi9nZXRBY3Rpb24vMTYiO31zOjY6Il9mbGFzaCI7YToyOntzOjM6Im9sZCI7YTowOnt9czozOiJuZXciO2E6MDp7fX19',1621875259),('hP40cEtBj9EJsMY34TMy4dIwGGLtFFt2Qs72ypvv',NULL,'189.203.100.183','','YTozOntzOjY6Il90b2tlbiI7czo0MDoiRWhCQkFzM05uMUNKSUNlZFBzNGpoVGlXN3JnOHlwUjNNZmlaOWF4WSI7czo5OiJfcHJldmlvdXMiO2E6MTp7czozOiJ1cmwiO3M6NjE6Imh0dHBzOi8veHViYXguY29tL3Byb2R1eC9wdWJsaWMvQXBpL0xpZnRBbmRMZWFybi9nZXRBY3Rpb24vMTkiO31zOjY6Il9mbGFzaCI7YToyOntzOjM6Im9sZCI7YTowOnt9czozOiJuZXciO2E6MDp7fX19',1621875371),('HqzT45wqwUdaZwDscs6HI6uazd3S1b13fPw424AV',NULL,'189.203.100.183','','YTozOntzOjY6Il90b2tlbiI7czo0MDoiNjRuS3o4RHNJYk9DYXFGQTBPQVNXaElLdjlDRXByOW1sWjdKSk84MSI7czo5OiJfcHJldmlvdXMiO2E6MTp7czozOiJ1cmwiO3M6NjE6Imh0dHBzOi8veHViYXguY29tL3Byb2R1eC9wdWJsaWMvQXBpL0xpZnRBbmRMZWFybi9nZXRBY3Rpb24vMTkiO31zOjY6Il9mbGFzaCI7YToyOntzOjM6Im9sZCI7YTowOnt9czozOiJuZXciO2E6MDp7fX19',1621875168),('I1wle40PZclvh0OWxv71Dlx1fBk0y9tKMjFqYuP6',NULL,'189.203.100.183','','YTozOntzOjY6Il90b2tlbiI7czo0MDoiSVhlbUV6N0ZNbGZRaHRHU1J3aUNhSXIyM3RURDZtNVoySElVY1A5aiI7czo5OiJfcHJldmlvdXMiO2E6MTp7czozOiJ1cmwiO3M6NjE6Imh0dHBzOi8veHViYXguY29tL3Byb2R1eC9wdWJsaWMvQXBpL0xpZnRBbmRMZWFybi9nZXRBY3Rpb24vMTciO31zOjY6Il9mbGFzaCI7YToyOntzOjM6Im9sZCI7YTowOnt9czozOiJuZXciO2E6MDp7fX19',1621875253),('i3dNvk6J0ZoEfkooH5IQ8MBiYbcr7T55MhN1XqwW',NULL,'189.203.100.183','','YTozOntzOjY6Il90b2tlbiI7czo0MDoiVnh2aEpqZXo4V25mZ0FSR2hJd3lNVFRvbXdvM1E0TnlGaUFsc01KRiI7czo5OiJfcHJldmlvdXMiO2E6MTp7czozOiJ1cmwiO3M6NjE6Imh0dHBzOi8veHViYXguY29tL3Byb2R1eC9wdWJsaWMvQXBpL0xpZnRBbmRMZWFybi9nZXRBY3Rpb24vMTYiO31zOjY6Il9mbGFzaCI7YToyOntzOjM6Im9sZCI7YTowOnt9czozOiJuZXciO2E6MDp7fX19',1621875055),('I4Uj1hOkkkPc7LFaD2wBxmR2MJI33Njq9LISp87U',NULL,'189.203.100.183','','YTozOntzOjY6Il90b2tlbiI7czo0MDoiWUUzNmRZRm5qSXJ6ZTEwOExNem9wTnNSMnkwOHpBMnFsYVdXUThYeCI7czo5OiJfcHJldmlvdXMiO2E6MTp7czozOiJ1cmwiO3M6NjE6Imh0dHBzOi8veHViYXguY29tL3Byb2R1eC9wdWJsaWMvQXBpL0xpZnRBbmRMZWFybi9nZXRBY3Rpb24vMTciO31zOjY6Il9mbGFzaCI7YToyOntzOjM6Im9sZCI7YTowOnt9czozOiJuZXciO2E6MDp7fX19',1621875307),('i7J3oOwZ8q7V4NibONmdQiHRILdPTjY2ARWSjeUl',NULL,'189.203.100.183','','YTozOntzOjY6Il90b2tlbiI7czo0MDoiWEhub3YwTlJqaUZqVk9OOHJCQnlUZU55VVZkbXpHR0RWMVpTMTQwOCI7czo5OiJfcHJldmlvdXMiO2E6MTp7czozOiJ1cmwiO3M6NjE6Imh0dHBzOi8veHViYXguY29tL3Byb2R1eC9wdWJsaWMvQXBpL0xpZnRBbmRMZWFybi9nZXREYXRhc2V0LzkiO31zOjY6Il9mbGFzaCI7YToyOntzOjM6Im9sZCI7YTowOnt9czozOiJuZXciO2E6MDp7fX19',1621875217),('IlfgMKBIZHhwauupSXofQLll9PnsE0z98mRHCOc0',NULL,'189.203.100.183','','YTozOntzOjY6Il90b2tlbiI7czo0MDoiMW1wU0hoc3RMeVNvZDBCWWtCRUlTTHBMbmhNTHVIQmdnVzJjNEVUZiI7czo5OiJfcHJldmlvdXMiO2E6MTp7czozOiJ1cmwiO3M6NjE6Imh0dHBzOi8veHViYXguY29tL3Byb2R1eC9wdWJsaWMvQXBpL0xpZnRBbmRMZWFybi9nZXRBY3Rpb24vMTkiO31zOjY6Il9mbGFzaCI7YToyOntzOjM6Im9sZCI7YTowOnt9czozOiJuZXciO2E6MDp7fX19',1621875202),('iq8SESyAXotTlqJVlCqfBNcgIs2nYp1rw9OXZFia',NULL,'189.203.100.183','','YTozOntzOjY6Il90b2tlbiI7czo0MDoidElJRlVpQXA2SzdneXhnSUlEaXhScEZ3YUpWcFNtbmRFcng5Q1dhNCI7czo5OiJfcHJldmlvdXMiO2E6MTp7czozOiJ1cmwiO3M6NjE6Imh0dHBzOi8veHViYXguY29tL3Byb2R1eC9wdWJsaWMvQXBpL0xpZnRBbmRMZWFybi9nZXRBY3Rpb24vMTgiO31zOjY6Il9mbGFzaCI7YToyOntzOjM6Im9sZCI7YTowOnt9czozOiJuZXciO2E6MDp7fX19',1621875139),('iR2tEsqdJWCEPw20PgI8r4GZuTQit7SRx6g6sP54',NULL,'189.203.100.183','','YTozOntzOjY6Il90b2tlbiI7czo0MDoiQnZBSTlWbktQVkEwaW1KSjVxbkFHQWhyNVByZEVnTjlubURSVExGSyI7czo5OiJfcHJldmlvdXMiO2E6MTp7czozOiJ1cmwiO3M6NjE6Imh0dHBzOi8veHViYXguY29tL3Byb2R1eC9wdWJsaWMvQXBpL0xpZnRBbmRMZWFybi9nZXREYXRhc2V0LzkiO31zOjY6Il9mbGFzaCI7YToyOntzOjM6Im9sZCI7YTowOnt9czozOiJuZXciO2E6MDp7fX19',1621875060),('iRMZhF1z2gGjHqD98P5CfWz5wY5tBESOHUJNf88p',NULL,'189.203.100.183','','YTozOntzOjY6Il90b2tlbiI7czo0MDoiVEJCUWUwQ2xKdlVoMFZxdG5lV08yUVlpVEhvcEZXSEw2M0MwZENnUSI7czo5OiJfcHJldmlvdXMiO2E6MTp7czozOiJ1cmwiO3M6NjE6Imh0dHBzOi8veHViYXguY29tL3Byb2R1eC9wdWJsaWMvQXBpL0xpZnRBbmRMZWFybi9nZXRBY3Rpb24vMTciO31zOjY6Il9mbGFzaCI7YToyOntzOjM6Im9sZCI7YTowOnt9czozOiJuZXciO2E6MDp7fX19',1621875368),('iwbZsoPts87dNy02wQRoDN2NpsERma8upOL2OTjB',NULL,'189.203.100.183','','YTozOntzOjY6Il90b2tlbiI7czo0MDoiNkljaXJVdEEwYW8wQkZablk4b0NqZHIwVFRYVTcxVUJueWpDOFJsZyI7czo5OiJfcHJldmlvdXMiO2E6MTp7czozOiJ1cmwiO3M6NjE6Imh0dHBzOi8veHViYXguY29tL3Byb2R1eC9wdWJsaWMvQXBpL0xpZnRBbmRMZWFybi9nZXRBY3Rpb24vMTkiO31zOjY6Il9mbGFzaCI7YToyOntzOjM6Im9sZCI7YTowOnt9czozOiJuZXciO2E6MDp7fX19',1621875297),('iwfToLziPk5NftLRqUJNdwaE0uNQdzi3KPZZ6n4U',NULL,'189.203.100.183','','YTozOntzOjY6Il90b2tlbiI7czo0MDoiNXRVT25PdDQ3bkhKNnE3SXJ5c2todWJiZnRISXlyRUZ0dWJESEdVQSI7czo5OiJfcHJldmlvdXMiO2E6MTp7czozOiJ1cmwiO3M6NjE6Imh0dHBzOi8veHViYXguY29tL3Byb2R1eC9wdWJsaWMvQXBpL0xpZnRBbmRMZWFybi9nZXRBY3Rpb24vMTgiO31zOjY6Il9mbGFzaCI7YToyOntzOjM6Im9sZCI7YTowOnt9czozOiJuZXciO2E6MDp7fX19',1621875051),('iwg46Hx6VKUhOfvL6kC6jd4Nk9eJwAVxuw3a4V66',NULL,'189.203.100.183','','YTozOntzOjY6Il90b2tlbiI7czo0MDoiM2dtY2tRVXNmZmRKbWZYRjNBQVRMWkZwdDNHRExvQVJZbkl5eFA4ZCI7czo5OiJfcHJldmlvdXMiO2E6MTp7czozOiJ1cmwiO3M6NjE6Imh0dHBzOi8veHViYXguY29tL3Byb2R1eC9wdWJsaWMvQXBpL0xpZnRBbmRMZWFybi9nZXRBY3Rpb24vMTciO31zOjY6Il9mbGFzaCI7YToyOntzOjM6Im9sZCI7YTowOnt9czozOiJuZXciO2E6MDp7fX19',1621875287),('IYDSipiu83KI4IJEGZ6VnJXFrPyaJTvqrHuRgAkh',NULL,'189.203.100.183','','YTozOntzOjY6Il90b2tlbiI7czo0MDoiWHlITmFLQjhmS1Rqa0duN1dkTGlkbVlpV01UUFZPc2ZsU3JZdkhmeSI7czo5OiJfcHJldmlvdXMiO2E6MTp7czozOiJ1cmwiO3M6NjE6Imh0dHBzOi8veHViYXguY29tL3Byb2R1eC9wdWJsaWMvQXBpL0xpZnRBbmRMZWFybi9nZXRBY3Rpb24vMTYiO31zOjY6Il9mbGFzaCI7YToyOntzOjM6Im9sZCI7YTowOnt9czozOiJuZXciO2E6MDp7fX19',1621875028),('J4bK7TfnveUAWhgR566kMoheARfzdJSZlZjFRS0D',NULL,'189.203.100.183','','YTozOntzOjY6Il90b2tlbiI7czo0MDoiS0o3OEtQYnNneE9JUEtHUkFnY2xacWc3Q3RIU2JXZHBIb2h6Vkx2MSI7czo5OiJfcHJldmlvdXMiO2E6MTp7czozOiJ1cmwiO3M6NjE6Imh0dHBzOi8veHViYXguY29tL3Byb2R1eC9wdWJsaWMvQXBpL0xpZnRBbmRMZWFybi9nZXREYXRhc2V0LzkiO31zOjY6Il9mbGFzaCI7YToyOntzOjM6Im9sZCI7YTowOnt9czozOiJuZXciO2E6MDp7fX19',1621875135),('j4y77p3zPOGimIgIhoC2LGSNHk8MZcCvGbzEvwZg',NULL,'189.203.100.183','','YTozOntzOjY6Il90b2tlbiI7czo0MDoiODQzTjdoTUlQY2JUT040M0RuMlp4WFlEOTFwMkZZRnl1RTE0d256aCI7czo5OiJfcHJldmlvdXMiO2E6MTp7czozOiJ1cmwiO3M6NjE6Imh0dHBzOi8veHViYXguY29tL3Byb2R1eC9wdWJsaWMvQXBpL0xpZnRBbmRMZWFybi9nZXRBY3Rpb24vMTciO31zOjY6Il9mbGFzaCI7YToyOntzOjM6Im9sZCI7YTowOnt9czozOiJuZXciO2E6MDp7fX19',1621875103),('j7LW2FlV5Q8BuhK0zvdZSb2YdjAbsR80vEEsRZFU',NULL,'189.203.100.183','','YTozOntzOjY6Il90b2tlbiI7czo0MDoiTFFLTzBZRkhNa2VKa2oxYXpuQVZKMXZjRFNPckdPUzIzamp4MWtjZCI7czo5OiJfcHJldmlvdXMiO2E6MTp7czozOiJ1cmwiO3M6NjE6Imh0dHBzOi8veHViYXguY29tL3Byb2R1eC9wdWJsaWMvQXBpL0xpZnRBbmRMZWFybi9nZXRBY3Rpb24vMTgiO31zOjY6Il9mbGFzaCI7YToyOntzOjM6Im9sZCI7YTowOnt9czozOiJuZXciO2E6MDp7fX19',1621875105),('JoDOisIrpSZIVkGbZeCx2sC3ciGi36UjuDS1toJ0',NULL,'189.203.100.183','','YTozOntzOjY6Il90b2tlbiI7czo0MDoiNlNxMnZqR1g5aVZET2R3VlRHWDBxRTJOUll5MlpndTdETzB5Z0RwUSI7czo5OiJfcHJldmlvdXMiO2E6MTp7czozOiJ1cmwiO3M6NjE6Imh0dHBzOi8veHViYXguY29tL3Byb2R1eC9wdWJsaWMvQXBpL0xpZnRBbmRMZWFybi9nZXRBY3Rpb24vMTgiO31zOjY6Il9mbGFzaCI7YToyOntzOjM6Im9sZCI7YTowOnt9czozOiJuZXciO2E6MDp7fX19',1621875166),('JqkI2phWBZ6Q5MMBXhMNORa01ZnGiaEiKFF1rqxl',NULL,'189.203.100.183','','YTozOntzOjY6Il90b2tlbiI7czo0MDoiTWJ1dWswdFFlRDFMSnZlUlJET2JhWFlyZFRYRHdlNUpkbVg4cjBjbyI7czo5OiJfcHJldmlvdXMiO2E6MTp7czozOiJ1cmwiO3M6NjE6Imh0dHBzOi8veHViYXguY29tL3Byb2R1eC9wdWJsaWMvQXBpL0xpZnRBbmRMZWFybi9nZXRBY3Rpb24vMTciO31zOjY6Il9mbGFzaCI7YToyOntzOjM6Im9sZCI7YTowOnt9czozOiJuZXciO2E6MDp7fX19',1621875403),('K3tC6nRqZewViiryD6HM4LavgQc4TF03dHH32vT7',NULL,'189.203.100.183','','YTozOntzOjY6Il90b2tlbiI7czo0MDoiVWNyQ2V4c3hBTGZhWW1rUjBjSTJXR095dVBNR09ScVd1MWhib3pyZyI7czo5OiJfcHJldmlvdXMiO2E6MTp7czozOiJ1cmwiO3M6NjE6Imh0dHBzOi8veHViYXguY29tL3Byb2R1eC9wdWJsaWMvQXBpL0xpZnRBbmRMZWFybi9nZXREYXRhc2V0LzkiO31zOjY6Il9mbGFzaCI7YToyOntzOjM6Im9sZCI7YTowOnt9czozOiJuZXciO2E6MDp7fX19',1621875142),('K6kxYh5G42yHUjtb14pfyR6T91CiU5b1UFj9AOvg',NULL,'189.203.100.183','','YTozOntzOjY6Il90b2tlbiI7czo0MDoibENZbVpnUWt0bzA2SUQzckdBRk1QTGRCSTRaMFlETE9iaGx3VlNxRSI7czo5OiJfcHJldmlvdXMiO2E6MTp7czozOiJ1cmwiO3M6NjE6Imh0dHBzOi8veHViYXguY29tL3Byb2R1eC9wdWJsaWMvQXBpL0xpZnRBbmRMZWFybi9nZXRBY3Rpb24vMTYiO31zOjY6Il9mbGFzaCI7YToyOntzOjM6Im9sZCI7YTowOnt9czozOiJuZXciO2E6MDp7fX19',1621875150),('K6pxleoYL7gJVvRUXZKX61B5Kw6ZIBuZXXySDkKQ',NULL,'189.203.100.183','','YTozOntzOjY6Il90b2tlbiI7czo0MDoiZ05seWthYUZmRTJFNUxHN203cEY4NHcwSm5WV0h3Y0tuR3NxZllHMyI7czo5OiJfcHJldmlvdXMiO2E6MTp7czozOiJ1cmwiO3M6NjE6Imh0dHBzOi8veHViYXguY29tL3Byb2R1eC9wdWJsaWMvQXBpL0xpZnRBbmRMZWFybi9nZXRBY3Rpb24vMTciO31zOjY6Il9mbGFzaCI7YToyOntzOjM6Im9sZCI7YTowOnt9czozOiJuZXciO2E6MDp7fX19',1621875123),('kcYSRuLuFF80QSbGhZybiJQcCGtElM5ASHB2gyRk',NULL,'189.203.100.183','','YTozOntzOjY6Il90b2tlbiI7czo0MDoieENwQ2RtNXdCaDR2a2lpeVUyUDgzQmlNSWthZ2p5S2wzalpCWjNhWiI7czo5OiJfcHJldmlvdXMiO2E6MTp7czozOiJ1cmwiO3M6NjE6Imh0dHBzOi8veHViYXguY29tL3Byb2R1eC9wdWJsaWMvQXBpL0xpZnRBbmRMZWFybi9nZXREYXRhc2V0LzkiO31zOjY6Il9mbGFzaCI7YToyOntzOjM6Im9sZCI7YTowOnt9czozOiJuZXciO2E6MDp7fX19',1621875190),('KDQ66ZfdbSVX3kwD84ALjKT4fUnOkXjcgzcTrDfO',NULL,'189.203.100.183','','YTozOntzOjY6Il90b2tlbiI7czo0MDoiQm5hSGVzYUxUNFdwNTV4TENBWEpRN2RQak9rdlBFQXB1TTBEYmEzeiI7czo5OiJfcHJldmlvdXMiO2E6MTp7czozOiJ1cmwiO3M6NjE6Imh0dHBzOi8veHViYXguY29tL3Byb2R1eC9wdWJsaWMvQXBpL0xpZnRBbmRMZWFybi9nZXRBY3Rpb24vMTYiO31zOjY6Il9mbGFzaCI7YToyOntzOjM6Im9sZCI7YTowOnt9czozOiJuZXciO2E6MDp7fX19',1621875381),('Ke75N7q5Xggar7N7aILix3fkE2gERNmSf1TnREfc',NULL,'189.203.100.183','','YTozOntzOjY6Il90b2tlbiI7czo0MDoiRUxVUHU4a294dkhYcVZOVThPR2NxTUpObWpiMUJrTFBNTXBXNzl5SyI7czo5OiJfcHJldmlvdXMiO2E6MTp7czozOiJ1cmwiO3M6NjE6Imh0dHBzOi8veHViYXguY29tL3Byb2R1eC9wdWJsaWMvQXBpL0xpZnRBbmRMZWFybi9nZXRBY3Rpb24vMTciO31zOjY6Il9mbGFzaCI7YToyOntzOjM6Im9sZCI7YTowOnt9czozOiJuZXciO2E6MDp7fX19',1621875145),('KFLkl1A0LaCyO7LQ5Q1Lbuz7tcYi5thLghw7jeRn',NULL,'189.203.100.183','','YTozOntzOjY6Il90b2tlbiI7czo0MDoieWlKMmZDOGg5b2FWVXdrZDJtM0xhUDVWNFF4VFRmYWxHOE9hSElsQyI7czo5OiJfcHJldmlvdXMiO2E6MTp7czozOiJ1cmwiO3M6NjE6Imh0dHBzOi8veHViYXguY29tL3Byb2R1eC9wdWJsaWMvQXBpL0xpZnRBbmRMZWFybi9nZXREYXRhc2V0LzkiO31zOjY6Il9mbGFzaCI7YToyOntzOjM6Im9sZCI7YTowOnt9czozOiJuZXciO2E6MDp7fX19',1621875074),('kGAY0HylTRnQx02OdWtmBei94gFzR0g6DV2FIAbQ',NULL,'189.203.100.183','','YTozOntzOjY6Il90b2tlbiI7czo0MDoiRENBSzYzWnE3RGJ6SUJBeHpkN3BxRW1DME9senNGZTdrbUlrOU9ERSI7czo5OiJfcHJldmlvdXMiO2E6MTp7czozOiJ1cmwiO3M6NjE6Imh0dHBzOi8veHViYXguY29tL3Byb2R1eC9wdWJsaWMvQXBpL0xpZnRBbmRMZWFybi9nZXRBY3Rpb24vMTciO31zOjY6Il9mbGFzaCI7YToyOntzOjM6Im9sZCI7YTowOnt9czozOiJuZXciO2E6MDp7fX19',1621875029),('kNgVAttt442JT51ZEvS1R20Osz46WPHWy2nTivmx',NULL,'189.203.100.183','','YTozOntzOjY6Il90b2tlbiI7czo0MDoiTHhzeEJjeW1ENVRpbVBZTFlCZEd1ZkNzQ2lNVDRxQnl2TVdzV3o2OCI7czo5OiJfcHJldmlvdXMiO2E6MTp7czozOiJ1cmwiO3M6NjE6Imh0dHBzOi8veHViYXguY29tL3Byb2R1eC9wdWJsaWMvQXBpL0xpZnRBbmRMZWFybi9nZXRBY3Rpb24vMTkiO31zOjY6Il9mbGFzaCI7YToyOntzOjM6Im9sZCI7YTowOnt9czozOiJuZXciO2E6MDp7fX19',1621875195),('KstjzHU1zPn085bzfTnFMyQ0bg3BTzRyykPtO1Hv',NULL,'189.203.100.183','','YTozOntzOjY6Il90b2tlbiI7czo0MDoiU09uTkhuSW9XeTRRQ1VqenFkdzZhMFVEUml3TGpsYldtQXhiRER3QyI7czo5OiJfcHJldmlvdXMiO2E6MTp7czozOiJ1cmwiO3M6NjE6Imh0dHBzOi8veHViYXguY29tL3Byb2R1eC9wdWJsaWMvQXBpL0xpZnRBbmRMZWFybi9nZXRBY3Rpb24vMTciO31zOjY6Il9mbGFzaCI7YToyOntzOjM6Im9sZCI7YTowOnt9czozOiJuZXciO2E6MDp7fX19',1621875165),('kZgamdkbRAhKNhiY7CxeDsyVR9qagE1oHT1knyqP',NULL,'189.203.100.183','','YTozOntzOjY6Il90b2tlbiI7czo0MDoiT1dnZExnZ1pvcm5ZR0JZbzZvWldTak14WmVDVVB0RnBadUhDbzZkRyI7czo5OiJfcHJldmlvdXMiO2E6MTp7czozOiJ1cmwiO3M6NjE6Imh0dHBzOi8veHViYXguY29tL3Byb2R1eC9wdWJsaWMvQXBpL0xpZnRBbmRMZWFybi9nZXRBY3Rpb24vMTYiO31zOjY6Il9mbGFzaCI7YToyOntzOjM6Im9sZCI7YTowOnt9czozOiJuZXciO2E6MDp7fX19',1621875191),('l4oZWuwmF3BGf4VwQ0bfFhVjLiknvfMsU8vaI3Ix',NULL,'189.203.100.183','','YTozOntzOjY6Il90b2tlbiI7czo0MDoidFpuVzJ2dE1uNU9EWjFBZVVUUERraWRCM0dUQnFTU21aN0NmbHFpYiI7czo5OiJfcHJldmlvdXMiO2E6MTp7czozOiJ1cmwiO3M6NjE6Imh0dHBzOi8veHViYXguY29tL3Byb2R1eC9wdWJsaWMvQXBpL0xpZnRBbmRMZWFybi9nZXRBY3Rpb24vMTgiO31zOjY6Il9mbGFzaCI7YToyOntzOjM6Im9sZCI7YTowOnt9czozOiJuZXciO2E6MDp7fX19',1621875241),('L7eGjaXTjU9MnyAFW4PnPkFVNEzsaVaA87TbNnhz',NULL,'189.203.100.183','','YTozOntzOjY6Il90b2tlbiI7czo0MDoia25tZGhXTzVsQzlQQjZhRDl1Ukc3UDgxZWs5bEV5UEppQ1VmaUVoTiI7czo5OiJfcHJldmlvdXMiO2E6MTp7czozOiJ1cmwiO3M6NjE6Imh0dHBzOi8veHViYXguY29tL3Byb2R1eC9wdWJsaWMvQXBpL0xpZnRBbmRMZWFybi9nZXRBY3Rpb24vMTYiO31zOjY6Il9mbGFzaCI7YToyOntzOjM6Im9sZCI7YTowOnt9czozOiJuZXciO2E6MDp7fX19',1621875115),('lbVkE7xhJiew65Ew7xsir6uyDJRS24pZl2KCDbvB',NULL,'189.203.100.183','','YTozOntzOjY6Il90b2tlbiI7czo0MDoiOFJ3elBudk5UUXYxcUtXd2xJcktUeHJRT2R3aTBFeWtuelVyNENrbCI7czo5OiJfcHJldmlvdXMiO2E6MTp7czozOiJ1cmwiO3M6NjE6Imh0dHBzOi8veHViYXguY29tL3Byb2R1eC9wdWJsaWMvQXBpL0xpZnRBbmRMZWFybi9nZXRBY3Rpb24vMTciO31zOjY6Il9mbGFzaCI7YToyOntzOjM6Im9sZCI7YTowOnt9czozOiJuZXciO2E6MDp7fX19',1621875056),('LeftFAV5l1zvDJkYY7UgJfb26pAJOYcZKKKcfJTS',NULL,'189.203.100.183','','YTozOntzOjY6Il90b2tlbiI7czo0MDoiT0dPM3ZwTEFUYmJMZzZoYW1UT0pMQ0ZaeXNNRWkxMHRvNVJIN2IydyI7czo5OiJfcHJldmlvdXMiO2E6MTp7czozOiJ1cmwiO3M6NjE6Imh0dHBzOi8veHViYXguY29tL3Byb2R1eC9wdWJsaWMvQXBpL0xpZnRBbmRMZWFybi9nZXREYXRhc2V0LzkiO31zOjY6Il9mbGFzaCI7YToyOntzOjM6Im9sZCI7YTowOnt9czozOiJuZXciO2E6MDp7fX19',1621875230),('lkeYXcntZiDV1rjCxsXUWrbuYSDvKtnWEsB6exME',NULL,'189.203.100.183','','YTozOntzOjY6Il90b2tlbiI7czo0MDoibks3aElYM29XMFl6aXFVSE1qTFdBd1pwTG15TXpPTEhwb3FOZWQ0biI7czo5OiJfcHJldmlvdXMiO2E6MTp7czozOiJ1cmwiO3M6NjE6Imh0dHBzOi8veHViYXguY29tL3Byb2R1eC9wdWJsaWMvQXBpL0xpZnRBbmRMZWFybi9nZXRBY3Rpb24vMTkiO31zOjY6Il9mbGFzaCI7YToyOntzOjM6Im9sZCI7YTowOnt9czozOiJuZXciO2E6MDp7fX19',1621875086),('lMZrfrGup4sNXlraJey8NFbNRpCsbb8io5o7FMag',NULL,'189.203.100.183','','YTozOntzOjY6Il90b2tlbiI7czo0MDoiZm54azg4eEVtTEtxZ3JYOTMxWEFXOGtJMkt3VmV5Nk10UGJIMnlRTyI7czo5OiJfcHJldmlvdXMiO2E6MTp7czozOiJ1cmwiO3M6NjE6Imh0dHBzOi8veHViYXguY29tL3Byb2R1eC9wdWJsaWMvQXBpL0xpZnRBbmRMZWFybi9nZXRBY3Rpb24vMTgiO31zOjY6Il9mbGFzaCI7YToyOntzOjM6Im9sZCI7YTowOnt9czozOiJuZXciO2E6MDp7fX19',1621875336),('lPcQYf05vNgbeV5PK1z6Np3P4l22fRG8mowhgG82',NULL,'189.203.100.183','','YTozOntzOjY6Il90b2tlbiI7czo0MDoiVm82WjlIYlo1WmhDWEtaZWNoSXc1UGZldVR0aFNRem9USDd5b21QaSI7czo5OiJfcHJldmlvdXMiO2E6MTp7czozOiJ1cmwiO3M6NjE6Imh0dHBzOi8veHViYXguY29tL3Byb2R1eC9wdWJsaWMvQXBpL0xpZnRBbmRMZWFybi9nZXRBY3Rpb24vMTYiO31zOjY6Il9mbGFzaCI7YToyOntzOjM6Im9sZCI7YTowOnt9czozOiJuZXciO2E6MDp7fX19',1621875286),('lQHrZJpsF2euSzJOcJUTRYH9kKfH3MHJkPSmR5L9',NULL,'189.203.100.183','','YTozOntzOjY6Il90b2tlbiI7czo0MDoiRlZxNjNGSDltUjdrbHUydnc2UEdFRjM0dkRzQndzczJjUVhrZFY1eiI7czo5OiJfcHJldmlvdXMiO2E6MTp7czozOiJ1cmwiO3M6NjE6Imh0dHBzOi8veHViYXguY29tL3Byb2R1eC9wdWJsaWMvQXBpL0xpZnRBbmRMZWFybi9nZXRBY3Rpb24vMTciO31zOjY6Il9mbGFzaCI7YToyOntzOjM6Im9sZCI7YTowOnt9czozOiJuZXciO2E6MDp7fX19',1621875274),('LrsuI5TZFqTjJFWntHGJ62tIj9qvbAajhNymuQEh',NULL,'189.203.100.183','','YTozOntzOjY6Il90b2tlbiI7czo0MDoiWmdhV3ZKNzl3eXlGYzdhNTl6N1JWV2JIUE5FUHpLWk02UTg3QVEyZSI7czo5OiJfcHJldmlvdXMiO2E6MTp7czozOiJ1cmwiO3M6NjE6Imh0dHBzOi8veHViYXguY29tL3Byb2R1eC9wdWJsaWMvQXBpL0xpZnRBbmRMZWFybi9nZXREYXRhc2V0LzkiO31zOjY6Il9mbGFzaCI7YToyOntzOjM6Im9sZCI7YTowOnt9czozOiJuZXciO2E6MDp7fX19',1621875108),('LxCxqZIImw8llKi7nNTtEwdTv1vwNbnzbTeOo0la',NULL,'189.203.100.183','','YTozOntzOjY6Il90b2tlbiI7czo0MDoiN0U1TmJ3WmZYdlpVd3A1QW1BbXdoMUlrYk9HRWxYTXNnRFZiOGVlciI7czo5OiJfcHJldmlvdXMiO2E6MTp7czozOiJ1cmwiO3M6NjE6Imh0dHBzOi8veHViYXguY29tL3Byb2R1eC9wdWJsaWMvQXBpL0xpZnRBbmRMZWFybi9nZXREYXRhc2V0LzkiO31zOjY6Il9mbGFzaCI7YToyOntzOjM6Im9sZCI7YTowOnt9czozOiJuZXciO2E6MDp7fX19',1621875114),('M2DslaNz7pKAwr6cJL9ninPINZje46KtWlnjkRDK',NULL,'189.203.100.183','','YTozOntzOjY6Il90b2tlbiI7czo0MDoieXlHTThRdVZHODNySG83bzlzVENqcTVZVTdnVlcyNlNLWGdHYmxaMyI7czo5OiJfcHJldmlvdXMiO2E6MTp7czozOiJ1cmwiO3M6NjE6Imh0dHBzOi8veHViYXguY29tL3Byb2R1eC9wdWJsaWMvQXBpL0xpZnRBbmRMZWFybi9nZXRBY3Rpb24vMTgiO31zOjY6Il9mbGFzaCI7YToyOntzOjM6Im9sZCI7YTowOnt9czozOiJuZXciO2E6MDp7fX19',1621875275),('m3ZPgCH3oaoJsveabozyTgnfXxRv6NArbdFe23gI',NULL,'189.203.100.183','','YTozOntzOjY6Il90b2tlbiI7czo0MDoiSDhHbEl6S3hOUmZIR0YwNk5uZU10WkxiQWVxM3JxMWk2UnA0STI1bCI7czo5OiJfcHJldmlvdXMiO2E6MTp7czozOiJ1cmwiO3M6NjE6Imh0dHBzOi8veHViYXguY29tL3Byb2R1eC9wdWJsaWMvQXBpL0xpZnRBbmRMZWFybi9nZXREYXRhc2V0LzkiO31zOjY6Il9mbGFzaCI7YToyOntzOjM6Im9sZCI7YTowOnt9czozOiJuZXciO2E6MDp7fX19',1621875312),('m6u5ug1IGHcwyzrEAYo4mgePX5vyETp6PGQptveb',NULL,'189.203.100.183','','YTozOntzOjY6Il90b2tlbiI7czo0MDoiM3JicFdYUWRnak83UnNobkRvY25hMHNkS2dYcGU0OEVWUll5S2lGRiI7czo5OiJfcHJldmlvdXMiO2E6MTp7czozOiJ1cmwiO3M6NjE6Imh0dHBzOi8veHViYXguY29tL3Byb2R1eC9wdWJsaWMvQXBpL0xpZnRBbmRMZWFybi9nZXRBY3Rpb24vMTkiO31zOjY6Il9mbGFzaCI7YToyOntzOjM6Im9sZCI7YTowOnt9czozOiJuZXciO2E6MDp7fX19',1621875113),('MaWW3Jlo3l4eYd7E3VGGzDbvZrrheu5xRTSTWdO2',NULL,'189.203.100.183','','YTozOntzOjY6Il90b2tlbiI7czo0MDoiRnk3Zzh0Q2xoeEFzYlVNT1EwbE1FaVd0VW01OGpKWkZINnVvUW9QVSI7czo5OiJfcHJldmlvdXMiO2E6MTp7czozOiJ1cmwiO3M6NjE6Imh0dHBzOi8veHViYXguY29tL3Byb2R1eC9wdWJsaWMvQXBpL0xpZnRBbmRMZWFybi9nZXRBY3Rpb24vMTYiO31zOjY6Il9mbGFzaCI7YToyOntzOjM6Im9sZCI7YTowOnt9czozOiJuZXciO2E6MDp7fX19',1621875327),('MHsOPCFf9Iy2kARuY6Avtd8wINFjb7F92DxAc4tm',NULL,'189.203.100.183','','YTozOntzOjY6Il90b2tlbiI7czo0MDoiV2xVd0RjeHNObmZlVFRIbU5sZnY4Zk1zZU54QUl0d29KdTFsM05MeiI7czo5OiJfcHJldmlvdXMiO2E6MTp7czozOiJ1cmwiO3M6NjE6Imh0dHBzOi8veHViYXguY29tL3Byb2R1eC9wdWJsaWMvQXBpL0xpZnRBbmRMZWFybi9nZXRBY3Rpb24vMTgiO31zOjY6Il9mbGFzaCI7YToyOntzOjM6Im9sZCI7YTowOnt9czozOiJuZXciO2E6MDp7fX19',1621875221),('MLrD53A3aAQrV9GmLHb3tESBLcYlzh8gc8BKCPYg',NULL,'189.203.100.183','','YTozOntzOjY6Il90b2tlbiI7czo0MDoiRmVzQXRMZFlzUTRmaGN2R2hCaWRvVW9XSzNMaVl1bXczQldrdXhyZCI7czo5OiJfcHJldmlvdXMiO2E6MTp7czozOiJ1cmwiO3M6NjE6Imh0dHBzOi8veHViYXguY29tL3Byb2R1eC9wdWJsaWMvQXBpL0xpZnRBbmRMZWFybi9nZXRBY3Rpb24vMTkiO31zOjY6Il9mbGFzaCI7YToyOntzOjM6Im9sZCI7YTowOnt9czozOiJuZXciO2E6MDp7fX19',1621875099),('MNdrZbj8NVDJjz7GvvFDrJqw33JLgtzCMphpKnMv',NULL,'189.203.100.183','','YTozOntzOjY6Il90b2tlbiI7czo0MDoia1hYdFAxWEdUS2VkQWdkVWZ1Zk5yOUxGVzFUR2I3SzhSQ3VEdE5xTyI7czo5OiJfcHJldmlvdXMiO2E6MTp7czozOiJ1cmwiO3M6NjE6Imh0dHBzOi8veHViYXguY29tL3Byb2R1eC9wdWJsaWMvQXBpL0xpZnRBbmRMZWFybi9nZXREYXRhc2V0LzkiO31zOjY6Il9mbGFzaCI7YToyOntzOjM6Im9sZCI7YTowOnt9czozOiJuZXciO2E6MDp7fX19',1621875325),('MtFvNYV5CsffyVwGgMmoaT7fP4TtQkZLdfvQp4Bw',NULL,'189.203.100.183','','YTozOntzOjY6Il90b2tlbiI7czo0MDoiQ2p0c2FJNUtXN0ppYkJhT0tYaVdkTm0yV1ZaTUVFNUZjM0pBbmJtZiI7czo5OiJfcHJldmlvdXMiO2E6MTp7czozOiJ1cmwiO3M6NjE6Imh0dHBzOi8veHViYXguY29tL3Byb2R1eC9wdWJsaWMvQXBpL0xpZnRBbmRMZWFybi9nZXRBY3Rpb24vMTgiO31zOjY6Il9mbGFzaCI7YToyOntzOjM6Im9sZCI7YTowOnt9czozOiJuZXciO2E6MDp7fX19',1621875132),('myccHfi35wZA6f28Oi2TdfR0z1yPHSVCvgXSNtTJ',NULL,'189.203.100.183','','YTozOntzOjY6Il90b2tlbiI7czo0MDoibHd2RFc5N0xCbDVUeHV0TVg1cDcwOUhhVGdXbXJnSDNwMTREblprSCI7czo5OiJfcHJldmlvdXMiO2E6MTp7czozOiJ1cmwiO3M6NjE6Imh0dHBzOi8veHViYXguY29tL3Byb2R1eC9wdWJsaWMvQXBpL0xpZnRBbmRMZWFybi9nZXRBY3Rpb24vMTgiO31zOjY6Il9mbGFzaCI7YToyOntzOjM6Im9sZCI7YTowOnt9czozOiJuZXciO2E6MDp7fX19',1621875349),('N1NT6tYyiPXgvdVkqpJw4dvSBHYUf1LJm5L5RLNx',NULL,'189.203.100.183','','YTozOntzOjY6Il90b2tlbiI7czo0MDoiVHg2dmtQWnRBZ080VEQ3WW9Fd285aGZRa3NNa0VMa2hPc2RwcEg0byI7czo5OiJfcHJldmlvdXMiO2E6MTp7czozOiJ1cmwiO3M6NjE6Imh0dHBzOi8veHViYXguY29tL3Byb2R1eC9wdWJsaWMvQXBpL0xpZnRBbmRMZWFybi9nZXRBY3Rpb24vMTYiO31zOjY6Il9mbGFzaCI7YToyOntzOjM6Im9sZCI7YTowOnt9czozOiJuZXciO2E6MDp7fX19',1621875395),('N2TA4KPDMHq0gYbGO9iUrwD66dcOXTKPM8wGajk1',NULL,'189.203.100.183','','YTozOntzOjY6Il90b2tlbiI7czo0MDoiY1BXemNwZVNqZUpzTU02ZWdydEdCWGhRYm1iYzNycDR0UVdtTlpoOSI7czo5OiJfcHJldmlvdXMiO2E6MTp7czozOiJ1cmwiO3M6NjE6Imh0dHBzOi8veHViYXguY29tL3Byb2R1eC9wdWJsaWMvQXBpL0xpZnRBbmRMZWFybi9nZXREYXRhc2V0LzkiO31zOjY6Il9mbGFzaCI7YToyOntzOjM6Im9sZCI7YTowOnt9czozOiJuZXciO2E6MDp7fX19',1621875298),('N5QnGWViiZiEZFGkDrRHqp6dI9FymsDfjuk8MGBp',NULL,'189.203.100.183','','YTozOntzOjY6Il90b2tlbiI7czo0MDoiTjVXTm9OdGpESDFiUnJHc2ZxcnFCSXpVUjZySVNGMWVYMlBNYjY3NSI7czo5OiJfcHJldmlvdXMiO2E6MTp7czozOiJ1cmwiO3M6NjE6Imh0dHBzOi8veHViYXguY29tL3Byb2R1eC9wdWJsaWMvQXBpL0xpZnRBbmRMZWFybi9nZXRBY3Rpb24vMTYiO31zOjY6Il9mbGFzaCI7YToyOntzOjM6Im9sZCI7YTowOnt9czozOiJuZXciO2E6MDp7fX19',1621875164),('n7cpFhH0D9HtUNz53zNGcVWO2yfQs1hPCLDLr4wx',NULL,'189.203.100.183','','YTozOntzOjY6Il90b2tlbiI7czo0MDoidElXM0I1bW9aSlI5Rndlb0Fhaks1WmZXR3Yzb0lrYWY3NzA5SDNWRiI7czo5OiJfcHJldmlvdXMiO2E6MTp7czozOiJ1cmwiO3M6NjE6Imh0dHBzOi8veHViYXguY29tL3Byb2R1eC9wdWJsaWMvQXBpL0xpZnRBbmRMZWFybi9nZXRBY3Rpb24vMTkiO31zOjY6Il9mbGFzaCI7YToyOntzOjM6Im9sZCI7YTowOnt9czozOiJuZXciO2E6MDp7fX19',1621875283),('n9rbkTkq5GbO5BXniyWBA0oON7dG7cvq1rfPOdWD',NULL,'189.203.100.183','','YTozOntzOjY6Il90b2tlbiI7czo0MDoieExTUVVJOVJMTG1ZdDJLeFhVUWh0YmJQcVFqT3E0ZHBYSDJzQmRGbiI7czo5OiJfcHJldmlvdXMiO2E6MTp7czozOiJ1cmwiO3M6NjE6Imh0dHBzOi8veHViYXguY29tL3Byb2R1eC9wdWJsaWMvQXBpL0xpZnRBbmRMZWFybi9nZXRBY3Rpb24vMTciO31zOjY6Il9mbGFzaCI7YToyOntzOjM6Im9sZCI7YTowOnt9czozOiJuZXciO2E6MDp7fX19',1621875375),('nABLhGHtIgzkRQKxe3TWK8ZqnNHCq5OtP1WtmRBr',NULL,'189.203.100.183','','YTozOntzOjY6Il90b2tlbiI7czo0MDoiQ2pZS2k1T1NIRkZRZXRGdERJOTdHMG84ZDRuMUN3U0tSTDU3WUh6cyI7czo5OiJfcHJldmlvdXMiO2E6MTp7czozOiJ1cmwiO3M6NjE6Imh0dHBzOi8veHViYXguY29tL3Byb2R1eC9wdWJsaWMvQXBpL0xpZnRBbmRMZWFybi9nZXREYXRhc2V0LzkiO31zOjY6Il9mbGFzaCI7YToyOntzOjM6Im9sZCI7YTowOnt9czozOiJuZXciO2E6MDp7fX19',1621875176),('NB0rdLiNhwcEnDeT9jgUNd7GX6F6dvu6kWCnpcMP',NULL,'189.203.100.183','','YTozOntzOjY6Il90b2tlbiI7czo0MDoiUGU5TGFKNkVGM3hRcDMyeFg2Z2Q5aDhZY2VlQmlnTGl4cG1qMlV1RSI7czo5OiJfcHJldmlvdXMiO2E6MTp7czozOiJ1cmwiO3M6NjE6Imh0dHBzOi8veHViYXguY29tL3Byb2R1eC9wdWJsaWMvQXBpL0xpZnRBbmRMZWFybi9nZXREYXRhc2V0LzkiO31zOjY6Il9mbGFzaCI7YToyOntzOjM6Im9sZCI7YTowOnt9czozOiJuZXciO2E6MDp7fX19',1621875318),('nCKARc2Y3paXxfzDiF6psfRqoZaCmdAfG5wiQU11',NULL,'189.203.100.183','','YTozOntzOjY6Il90b2tlbiI7czo0MDoibEFKdHJWQ3NQWElYa3hUZ0ZwdHY3dlFhVmhiQ3N4NHdFZ0Myalp3aCI7czo5OiJfcHJldmlvdXMiO2E6MTp7czozOiJ1cmwiO3M6NjE6Imh0dHBzOi8veHViYXguY29tL3Byb2R1eC9wdWJsaWMvQXBpL0xpZnRBbmRMZWFybi9nZXRBY3Rpb24vMTkiO31zOjY6Il9mbGFzaCI7YToyOntzOjM6Im9sZCI7YTowOnt9czozOiJuZXciO2E6MDp7fX19',1621875412),('nF6jK5Zx4mOSGDrS871n2nOjIcV5RHAYwwYyQMDS',NULL,'189.203.100.183','','YTozOntzOjY6Il90b2tlbiI7czo0MDoiY1RJUjRtTUs0Tm9qQ2xlZk52WFlIdUo4U013ajY0NEJZSHNmQUs4NyI7czo5OiJfcHJldmlvdXMiO2E6MTp7czozOiJ1cmwiO3M6NjE6Imh0dHBzOi8veHViYXguY29tL3Byb2R1eC9wdWJsaWMvQXBpL0xpZnRBbmRMZWFybi9nZXRBY3Rpb24vMTkiO31zOjY6Il9mbGFzaCI7YToyOntzOjM6Im9sZCI7YTowOnt9czozOiJuZXciO2E6MDp7fX19',1621875303),('nFwySgftggnYac61IlqI8AiPVjdcqDZiT2smpzfm',NULL,'189.203.100.183','','YTozOntzOjY6Il90b2tlbiI7czo0MDoiMlR3allLTXJSRTlXd2xWa2V6MlZ0eElJQXVuaHNkYW9mWE9TaFhWRSI7czo5OiJfcHJldmlvdXMiO2E6MTp7czozOiJ1cmwiO3M6NjE6Imh0dHBzOi8veHViYXguY29tL3Byb2R1eC9wdWJsaWMvQXBpL0xpZnRBbmRMZWFybi9nZXRBY3Rpb24vMTciO31zOjY6Il9mbGFzaCI7YToyOntzOjM6Im9sZCI7YTowOnt9czozOiJuZXciO2E6MDp7fX19',1621875280),('NgvCnf4U78eVoG4tjoiv4wjGA7Mjfc0evJL9w9s4',NULL,'189.203.100.183','','YTozOntzOjY6Il90b2tlbiI7czo0MDoiZ3dwUFlWUFE4YUhxRENNV0REUGNISVJZNmlUVUxucFJoRXR3dHZXaiI7czo5OiJfcHJldmlvdXMiO2E6MTp7czozOiJ1cmwiO3M6NjE6Imh0dHBzOi8veHViYXguY29tL3Byb2R1eC9wdWJsaWMvQXBpL0xpZnRBbmRMZWFybi9nZXRBY3Rpb24vMTkiO31zOjY6Il9mbGFzaCI7YToyOntzOjM6Im9sZCI7YTowOnt9czozOiJuZXciO2E6MDp7fX19',1621875276),('njO29WKSozTnIJ4uwgujdlpk1Ir4lxzYbiYkMVQX',NULL,'189.203.100.183','','YTozOntzOjY6Il90b2tlbiI7czo0MDoiM0tRd3dRVjBYRlIyYUdsRkRMd3gwYjRUQ2JDNEZCb1dyZGVhc0d3RSI7czo5OiJfcHJldmlvdXMiO2E6MTp7czozOiJ1cmwiO3M6NjE6Imh0dHBzOi8veHViYXguY29tL3Byb2R1eC9wdWJsaWMvQXBpL0xpZnRBbmRMZWFybi9nZXREYXRhc2V0LzkiO31zOjY6Il9mbGFzaCI7YToyOntzOjM6Im9sZCI7YTowOnt9czozOiJuZXciO2E6MDp7fX19',1621875162),('nL1elSaPz6MRUOkMRKe4EteOdVQ7jMqqPUfsQeVZ',NULL,'189.203.100.183','','YTozOntzOjY6Il90b2tlbiI7czo0MDoiSVhxR3NKb1oyT3R5a0FVdFVMd3MzRE96ZmxIOTBFamNKV3dtRHNUcyI7czo5OiJfcHJldmlvdXMiO2E6MTp7czozOiJ1cmwiO3M6NjE6Imh0dHBzOi8veHViYXguY29tL3Byb2R1eC9wdWJsaWMvQXBpL0xpZnRBbmRMZWFybi9nZXRBY3Rpb24vMTkiO31zOjY6Il9mbGFzaCI7YToyOntzOjM6Im9sZCI7YTowOnt9czozOiJuZXciO2E6MDp7fX19',1621875236),('NrAUXUICb0zS3PPZaQM8sWjwkDFoMb2cdIvvxz4P',NULL,'189.203.100.183','','YTozOntzOjY6Il90b2tlbiI7czo0MDoiYjFkdWtTQ0dsOFRlMTFTQkNOWTBNcUJHSGRZVWJHWHVLcHZ2bDg3WCI7czo5OiJfcHJldmlvdXMiO2E6MTp7czozOiJ1cmwiO3M6NjE6Imh0dHBzOi8veHViYXguY29tL3Byb2R1eC9wdWJsaWMvQXBpL0xpZnRBbmRMZWFybi9nZXRBY3Rpb24vMTkiO31zOjY6Il9mbGFzaCI7YToyOntzOjM6Im9sZCI7YTowOnt9czozOiJuZXciO2E6MDp7fX19',1621875310),('NSzdq0JVxCny2yYBttU4lRq0oJOXcx2b4RrlVuxe',NULL,'189.203.100.183','','YTozOntzOjY6Il90b2tlbiI7czo0MDoiMzdJeW1GZVJ3ejdWZTljU05SQmhnTEd6bE5zNVA3bUxEUkk1ZTU5SyI7czo5OiJfcHJldmlvdXMiO2E6MTp7czozOiJ1cmwiO3M6NjE6Imh0dHBzOi8veHViYXguY29tL3Byb2R1eC9wdWJsaWMvQXBpL0xpZnRBbmRMZWFybi9nZXRBY3Rpb24vMTgiO31zOjY6Il9mbGFzaCI7YToyOntzOjM6Im9sZCI7YTowOnt9czozOiJuZXciO2E6MDp7fX19',1621875295),('NvvRyIDW095um1a4naSGfSnAxRd2N0C5aAxW5hNa',NULL,'189.203.100.183','','YTozOntzOjY6Il90b2tlbiI7czo0MDoiZGV3R00wU01QUUZzcm9nZ0twYTNtU3JuWEg4VTZIZnBWamU1ekI1byI7czo5OiJfcHJldmlvdXMiO2E6MTp7czozOiJ1cmwiO3M6NjE6Imh0dHBzOi8veHViYXguY29tL3Byb2R1eC9wdWJsaWMvQXBpL0xpZnRBbmRMZWFybi9nZXRBY3Rpb24vMTkiO31zOjY6Il9mbGFzaCI7YToyOntzOjM6Im9sZCI7YTowOnt9czozOiJuZXciO2E6MDp7fX19',1621875052),('NympCAuwP9x61mp6VK1vurIJv2okeY47LTx41al8',NULL,'189.203.100.183','','YTozOntzOjY6Il90b2tlbiI7czo0MDoiazYyYjNHS1A1ZVdVbDlFcmg4NFlTdkF3MERYdEpodnphRDdSd21uTyI7czo5OiJfcHJldmlvdXMiO2E6MTp7czozOiJ1cmwiO3M6NjE6Imh0dHBzOi8veHViYXguY29tL3Byb2R1eC9wdWJsaWMvQXBpL0xpZnRBbmRMZWFybi9nZXRBY3Rpb24vMTciO31zOjY6Il9mbGFzaCI7YToyOntzOjM6Im9sZCI7YTowOnt9czozOiJuZXciO2E6MDp7fX19',1621875097),('oBgYGox4gVzJg4qs4vtvEgV8VOu6dKQeEhl8eXC1',NULL,'189.203.100.183','','YTozOntzOjY6Il90b2tlbiI7czo0MDoiWjF6clpPY0FYbGxKTnhSSmpJWWtQMEZ1TEl6aUhvdGZlbmdlN3R5aCI7czo5OiJfcHJldmlvdXMiO2E6MTp7czozOiJ1cmwiO3M6NjE6Imh0dHBzOi8veHViYXguY29tL3Byb2R1eC9wdWJsaWMvQXBpL0xpZnRBbmRMZWFybi9nZXREYXRhc2V0LzkiO31zOjY6Il9mbGFzaCI7YToyOntzOjM6Im9sZCI7YTowOnt9czozOiJuZXciO2E6MDp7fX19',1621875372),('OIXIzXqzh7tbBkHbDUggzmAc5wiM8MEb3JYaGjIy',NULL,'189.203.100.183','','YTozOntzOjY6Il90b2tlbiI7czo0MDoiUTVsUlZGcks2QUN5cmhpdXRoVHJVZHgzY2x5NzQ0eDFndjl1M1pTWCI7czo5OiJfcHJldmlvdXMiO2E6MTp7czozOiJ1cmwiO3M6NjE6Imh0dHBzOi8veHViYXguY29tL3Byb2R1eC9wdWJsaWMvQXBpL0xpZnRBbmRMZWFybi9nZXREYXRhc2V0LzkiO31zOjY6Il9mbGFzaCI7YToyOntzOjM6Im9sZCI7YTowOnt9czozOiJuZXciO2E6MDp7fX19',1621875237),('OLP85BCpsBK0xt6XGkZhKUtwCwNAQt5m5uKAuJiV',NULL,'189.203.100.183','','YTozOntzOjY6Il90b2tlbiI7czo0MDoiN2t4dFBROTltbUZKZlRWcnF6UndHM3NxQm5ncE5YU1R0VUpncFdtWiI7czo5OiJfcHJldmlvdXMiO2E6MTp7czozOiJ1cmwiO3M6NjE6Imh0dHBzOi8veHViYXguY29tL3Byb2R1eC9wdWJsaWMvQXBpL0xpZnRBbmRMZWFybi9nZXRBY3Rpb24vMTciO31zOjY6Il9mbGFzaCI7YToyOntzOjM6Im9sZCI7YTowOnt9czozOiJuZXciO2E6MDp7fX19',1621875158),('olY7gHzhJsMExxSPZIIBvYrtj9m6navy0yGJVJzz',NULL,'189.203.100.183','','YTozOntzOjY6Il90b2tlbiI7czo0MDoiZzFCbUpBaDFFanFOaDEyeTh3Nllya25UbmFBaU41YTVjYTgwQW9ReCI7czo5OiJfcHJldmlvdXMiO2E6MTp7czozOiJ1cmwiO3M6NjE6Imh0dHBzOi8veHViYXguY29tL3Byb2R1eC9wdWJsaWMvQXBpL0xpZnRBbmRMZWFybi9nZXRBY3Rpb24vMTkiO31zOjY6Il9mbGFzaCI7YToyOntzOjM6Im9sZCI7YTowOnt9czozOiJuZXciO2E6MDp7fX19',1621875270),('oRXgh2q8xLZ7rDPNeMlns1Xakh9krbmKvHJLwKIh',NULL,'189.203.100.183','','YTozOntzOjY6Il90b2tlbiI7czo0MDoialJKTWtLZ3ZOQXZhMlJWTFM4WFRMdE13YTFEdGg3SU95VGVJQk9YVCI7czo5OiJfcHJldmlvdXMiO2E6MTp7czozOiJ1cmwiO3M6NjE6Imh0dHBzOi8veHViYXguY29tL3Byb2R1eC9wdWJsaWMvQXBpL0xpZnRBbmRMZWFybi9nZXRBY3Rpb24vMTgiO31zOjY6Il9mbGFzaCI7YToyOntzOjM6Im9sZCI7YTowOnt9czozOiJuZXciO2E6MDp7fX19',1621875201),('oX3zuzMuj8G9IxFLYH0WxsC9Sf358KbXbxDvP8u5',NULL,'189.203.100.183','','YTozOntzOjY6Il90b2tlbiI7czo0MDoiT2dKbEdBcXFBUGczRm9DNnRyV0w4dTFzOTR1em8wQjhDVzBIeGJvRiI7czo5OiJfcHJldmlvdXMiO2E6MTp7czozOiJ1cmwiO3M6NjE6Imh0dHBzOi8veHViYXguY29tL3Byb2R1eC9wdWJsaWMvQXBpL0xpZnRBbmRMZWFybi9nZXRBY3Rpb24vMTgiO31zOjY6Il9mbGFzaCI7YToyOntzOjM6Im9sZCI7YTowOnt9czozOiJuZXciO2E6MDp7fX19',1621875391),('P0VHL2kmyBYMV55rUDt97Vw1vJo4zCl8tB4BQDt3',NULL,'189.203.100.183','','YTozOntzOjY6Il90b2tlbiI7czo0MDoiMmpZOXNJaVNZUkZMOXY5Q2dpQlRzdHJTdzRqOGNMS2ZNZHoyaWs0VCI7czo5OiJfcHJldmlvdXMiO2E6MTp7czozOiJ1cmwiO3M6NjE6Imh0dHBzOi8veHViYXguY29tL3Byb2R1eC9wdWJsaWMvQXBpL0xpZnRBbmRMZWFybi9nZXRBY3Rpb24vMTciO31zOjY6Il9mbGFzaCI7YToyOntzOjM6Im9sZCI7YTowOnt9czozOiJuZXciO2E6MDp7fX19',1621875077),('p56TSDlBy435wz6kjNxgqilIpXtlaZpwn6q2YImu',NULL,'189.203.100.183','','YTozOntzOjY6Il90b2tlbiI7czo0MDoiakZOdkhsYVgyVUZJYk1VZTdEb0NVUWhpbm9wQnNLSjVNenhrQ2J0SiI7czo5OiJfcHJldmlvdXMiO2E6MTp7czozOiJ1cmwiO3M6NjE6Imh0dHBzOi8veHViYXguY29tL3Byb2R1eC9wdWJsaWMvQXBpL0xpZnRBbmRMZWFybi9nZXRBY3Rpb24vMTgiO31zOjY6Il9mbGFzaCI7YToyOntzOjM6Im9sZCI7YTowOnt9czozOiJuZXciO2E6MDp7fX19',1621875214),('pfrio6gC2nvadrmbzZQKpSHHYPXptnq8WFBh8sry',NULL,'189.203.100.183','','YTozOntzOjY6Il90b2tlbiI7czo0MDoiT292VXpLVnhEY01XTU93NnFwZGFvSURlSkpLcklKaUxOTlVZR0hETCI7czo5OiJfcHJldmlvdXMiO2E6MTp7czozOiJ1cmwiO3M6NjE6Imh0dHBzOi8veHViYXguY29tL3Byb2R1eC9wdWJsaWMvQXBpL0xpZnRBbmRMZWFybi9nZXREYXRhc2V0LzkiO31zOjY6Il9mbGFzaCI7YToyOntzOjM6Im9sZCI7YTowOnt9czozOiJuZXciO2E6MDp7fX19',1621875087),('PnNciVey7wb84Nv2zhRdxui4Bg7j4N8VCjVOiMH1',NULL,'189.203.100.183','','YTozOntzOjY6Il90b2tlbiI7czo0MDoiRzYyS3FmMmdnQ1ExQUdUa3F4ajB0aEZicmFxaGEyS0J2QnRpZkVzZSI7czo5OiJfcHJldmlvdXMiO2E6MTp7czozOiJ1cmwiO3M6NjE6Imh0dHBzOi8veHViYXguY29tL3Byb2R1eC9wdWJsaWMvQXBpL0xpZnRBbmRMZWFybi9nZXRBY3Rpb24vMTkiO31zOjY6Il9mbGFzaCI7YToyOntzOjM6Im9sZCI7YTowOnt9czozOiJuZXciO2E6MDp7fX19',1621875079),('po7Xm7iACoF8LymKMX57nVREe2j1WMeSSp6d3R6l',NULL,'189.203.100.183','','YTozOntzOjY6Il90b2tlbiI7czo0MDoiNngxU2VJczdxbWlaY1NtMUpnQUU3OEZpamNZSXQ1aDFYZHp4VkRVMyI7czo5OiJfcHJldmlvdXMiO2E6MTp7czozOiJ1cmwiO3M6NjE6Imh0dHBzOi8veHViYXguY29tL3Byb2R1eC9wdWJsaWMvQXBpL0xpZnRBbmRMZWFybi9nZXRBY3Rpb24vMTgiO31zOjY6Il9mbGFzaCI7YToyOntzOjM6Im9sZCI7YTowOnt9czozOiJuZXciO2E6MDp7fX19',1621875207),('pz2s9dpMJ8vezH3Zvw98pnORTGQml0x53BtoLdl8',NULL,'189.203.100.183','','YTozOntzOjY6Il90b2tlbiI7czo0MDoiWG5PRjB4ckdmZjdEUHI3T1Zpc2owMjVYZmdiMndoYmkwakFOTkJGeSI7czo5OiJfcHJldmlvdXMiO2E6MTp7czozOiJ1cmwiO3M6NjE6Imh0dHBzOi8veHViYXguY29tL3Byb2R1eC9wdWJsaWMvQXBpL0xpZnRBbmRMZWFybi9nZXRBY3Rpb24vMTgiO31zOjY6Il9mbGFzaCI7YToyOntzOjM6Im9sZCI7YTowOnt9czozOiJuZXciO2E6MDp7fX19',1621875228),('PZtZ9ZaWOzV4Cwcpb2BGMjHbZwmx0IlxGJDTRuvu',NULL,'189.203.100.183','','YTozOntzOjY6Il90b2tlbiI7czo0MDoiMnZPZWpVZUw3QkRtTHZmVVRrMkRFcmQ1M1pqM1ByRnB3MG0xYVU5TSI7czo5OiJfcHJldmlvdXMiO2E6MTp7czozOiJ1cmwiO3M6NjE6Imh0dHBzOi8veHViYXguY29tL3Byb2R1eC9wdWJsaWMvQXBpL0xpZnRBbmRMZWFybi9nZXRBY3Rpb24vMTgiO31zOjY6Il9mbGFzaCI7YToyOntzOjM6Im9sZCI7YTowOnt9czozOiJuZXciO2E6MDp7fX19',1621875302),('q50vxnmEHg1Vu6jkBIZWF4jNY8FkPZxeG0QW1Bgj',NULL,'189.203.100.183','','YTozOntzOjY6Il90b2tlbiI7czo0MDoiRDVoNFEwWUl5c2Vpb2kwUHVFYnlMa3BtNkFkMVhqbUFLRHp5Wjh4eCI7czo5OiJfcHJldmlvdXMiO2E6MTp7czozOiJ1cmwiO3M6NjE6Imh0dHBzOi8veHViYXguY29tL3Byb2R1eC9wdWJsaWMvQXBpL0xpZnRBbmRMZWFybi9nZXREYXRhc2V0LzkiO31zOjY6Il9mbGFzaCI7YToyOntzOjM6Im9sZCI7YTowOnt9czozOiJuZXciO2E6MDp7fX19',1621875407),('qesffpt8VLTfa9NMJtJmeiAGuLTYLXwUJvst1o1p',NULL,'189.203.100.183','','YTozOntzOjY6Il90b2tlbiI7czo0MDoiTm1UNmU4MFh5ZXhBRVh4ZlhBUGlEaWhSNTJHTkdXWmg2M1pKVjg4SiI7czo5OiJfcHJldmlvdXMiO2E6MTp7czozOiJ1cmwiO3M6NjE6Imh0dHBzOi8veHViYXguY29tL3Byb2R1eC9wdWJsaWMvQXBpL0xpZnRBbmRMZWFybi9nZXRBY3Rpb24vMTciO31zOjY6Il9mbGFzaCI7YToyOntzOjM6Im9sZCI7YTowOnt9czozOiJuZXciO2E6MDp7fX19',1621875110),('QMWH7gfe7pM0LErbJGmhTQSL2BCwySpMFydeR4Gq',NULL,'189.203.100.183','','YTozOntzOjY6Il90b2tlbiI7czo0MDoiOUtucnBpRHAwSHV2dTRxbU16RnM3RUlZdmhxc05HNnZqa2taakFYWCI7czo5OiJfcHJldmlvdXMiO2E6MTp7czozOiJ1cmwiO3M6NjE6Imh0dHBzOi8veHViYXguY29tL3Byb2R1eC9wdWJsaWMvQXBpL0xpZnRBbmRMZWFybi9nZXRBY3Rpb24vMTkiO31zOjY6Il9mbGFzaCI7YToyOntzOjM6Im9sZCI7YTowOnt9czozOiJuZXciO2E6MDp7fX19',1621875039),('qNHnK02PdtCFR5FZfZF4zAX5mHQi2LIJD2XrkojR',NULL,'189.203.100.183','','YTozOntzOjY6Il90b2tlbiI7czo0MDoiY2pMRWRJYmVoSmRWcW5vR3M1NkxmZ25vcGpseGZtaTFJY3JGMWlvTCI7czo5OiJfcHJldmlvdXMiO2E6MTp7czozOiJ1cmwiO3M6NjE6Imh0dHBzOi8veHViYXguY29tL3Byb2R1eC9wdWJsaWMvQXBpL0xpZnRBbmRMZWFybi9nZXRBY3Rpb24vMTYiO31zOjY6Il9mbGFzaCI7YToyOntzOjM6Im9sZCI7YTowOnt9czozOiJuZXciO2E6MDp7fX19',1621875306),('qQAL98lixfdc4afWn7tKctcM93SXzBgmpdPJxokY',NULL,'189.203.100.183','','YTozOntzOjY6Il90b2tlbiI7czo0MDoiU1pLV3p0djN6Q05nZUVCWklhV2htRFBaUTRZNFFiM3hXMWltcTFLVyI7czo5OiJfcHJldmlvdXMiO2E6MTp7czozOiJ1cmwiO3M6NjE6Imh0dHBzOi8veHViYXguY29tL3Byb2R1eC9wdWJsaWMvQXBpL0xpZnRBbmRMZWFybi9nZXREYXRhc2V0LzkiO31zOjY6Il9mbGFzaCI7YToyOntzOjM6Im9sZCI7YTowOnt9czozOiJuZXciO2E6MDp7fX19',1621875033),('qWFssTmLVVwURDPpQpZ8x20OgNoUFK1jjyxlyKUq',NULL,'189.203.100.183','','YTozOntzOjY6Il90b2tlbiI7czo0MDoibEw1dTRsd2tFekMyOXpwSjBBNkFMcVQ4RHlibFMwZk9hNkNKSU5vaiI7czo5OiJfcHJldmlvdXMiO2E6MTp7czozOiJ1cmwiO3M6NjE6Imh0dHBzOi8veHViYXguY29tL3Byb2R1eC9wdWJsaWMvQXBpL0xpZnRBbmRMZWFybi9nZXRBY3Rpb24vMTgiO31zOjY6Il9mbGFzaCI7YToyOntzOjM6Im9sZCI7YTowOnt9czozOiJuZXciO2E6MDp7fX19',1621875160),('qY1QoAGZj7ApdmMMH7G7mkuFt5PXfeyXEblNhp97',NULL,'189.203.100.183','','YTozOntzOjY6Il90b2tlbiI7czo0MDoiOXo0dzFvM1V6SElQYXV1bGFVWmJTelljeHZuSjFGUDRIQ21rQlFHbiI7czo5OiJfcHJldmlvdXMiO2E6MTp7czozOiJ1cmwiO3M6NjE6Imh0dHBzOi8veHViYXguY29tL3Byb2R1eC9wdWJsaWMvQXBpL0xpZnRBbmRMZWFybi9nZXRBY3Rpb24vMTkiO31zOjY6Il9mbGFzaCI7YToyOntzOjM6Im9sZCI7YTowOnt9czozOiJuZXciO2E6MDp7fX19',1621875025),('QYdMCDrMmyHbyq0Rq1nLcWYUv4WaZwzFFoE4NYYv',NULL,'189.203.100.183','','YTozOntzOjY6Il90b2tlbiI7czo0MDoiYnI2bWtXWHR5SWhFRUlvZzBvdVU2aUpvT2h5N0d6TDRFQmdVYW9DUCI7czo5OiJfcHJldmlvdXMiO2E6MTp7czozOiJ1cmwiO3M6NjE6Imh0dHBzOi8veHViYXguY29tL3Byb2R1eC9wdWJsaWMvQXBpL0xpZnRBbmRMZWFybi9nZXRBY3Rpb24vMTYiO31zOjY6Il9mbGFzaCI7YToyOntzOjM6Im9sZCI7YTowOnt9czozOiJuZXciO2E6MDp7fX19',1621875068),('Qzvi8EJR1xRQqk7nURoGf7hTqyGxG0hgvjSdsmoo',NULL,'189.203.100.183','','YTozOntzOjY6Il90b2tlbiI7czo0MDoiRDEyY0E0SmtqdXZHWm8yNWM3aGY0blcyY2RGOUVXYjk1bzE0MmloVCI7czo5OiJfcHJldmlvdXMiO2E6MTp7czozOiJ1cmwiO3M6NjE6Imh0dHBzOi8veHViYXguY29tL3Byb2R1eC9wdWJsaWMvQXBpL0xpZnRBbmRMZWFybi9nZXRBY3Rpb24vMTYiO31zOjY6Il9mbGFzaCI7YToyOntzOjM6Im9sZCI7YTowOnt9czozOiJuZXciO2E6MDp7fX19',1621875232),('r6jgiENyHHLMFumScrKf8zn1o7NCgeDh0NrwfW2Y',NULL,'189.203.100.183','','YTozOntzOjY6Il90b2tlbiI7czo0MDoiQmJXanVRdlljT3hZTTRRV090ODRNcktOaXpLZTVuMnJBRll1UXViWCI7czo5OiJfcHJldmlvdXMiO2E6MTp7czozOiJ1cmwiO3M6NjE6Imh0dHBzOi8veHViYXguY29tL3Byb2R1eC9wdWJsaWMvQXBpL0xpZnRBbmRMZWFybi9nZXRBY3Rpb24vMTgiO31zOjY6Il9mbGFzaCI7YToyOntzOjM6Im9sZCI7YTowOnt9czozOiJuZXciO2E6MDp7fX19',1621875411),('R88aewPuiEM4ddzlmSMgSD6NqHOkXPKke1tKnpxt',NULL,'189.203.100.183','','YTozOntzOjY6Il90b2tlbiI7czo0MDoiTUY0N1poZlhOd2xOcVNuRGdTSFcxMDVVN3FJbnFtVzlJU2xlTzNmUCI7czo5OiJfcHJldmlvdXMiO2E6MTp7czozOiJ1cmwiO3M6NjE6Imh0dHBzOi8veHViYXguY29tL3Byb2R1eC9wdWJsaWMvQXBpL0xpZnRBbmRMZWFybi9nZXRBY3Rpb24vMTkiO31zOjY6Il9mbGFzaCI7YToyOntzOjM6Im9sZCI7YTowOnt9czozOiJuZXciO2E6MDp7fX19',1621875018),('rFsoBer3HgAqCicfL7LsNZknO7PJdingfxP3l52Z',NULL,'189.203.100.183','','YTozOntzOjY6Il90b2tlbiI7czo0MDoiODJTQUlSd2dLMHVCYzlzTDZuRUNSZjVzRzJRenRUQjFySkdYWDdSNyI7czo5OiJfcHJldmlvdXMiO2E6MTp7czozOiJ1cmwiO3M6NjE6Imh0dHBzOi8veHViYXguY29tL3Byb2R1eC9wdWJsaWMvQXBpL0xpZnRBbmRMZWFybi9nZXRBY3Rpb24vMTgiO31zOjY6Il9mbGFzaCI7YToyOntzOjM6Im9sZCI7YTowOnt9czozOiJuZXciO2E6MDp7fX19',1621875377),('Rp5hXD5CCd1gN93PQfECG26V15eCyjStQeunV4kr',NULL,'189.203.100.183','','YTozOntzOjY6Il90b2tlbiI7czo0MDoiYld3OENvR2JNYXJsOEl5VTNDa0JmT21UTE5aT3R0UEFOQjFpbVVOdCI7czo5OiJfcHJldmlvdXMiO2E6MTp7czozOiJ1cmwiO3M6NjE6Imh0dHBzOi8veHViYXguY29tL3Byb2R1eC9wdWJsaWMvQXBpL0xpZnRBbmRMZWFybi9nZXRBY3Rpb24vMTciO31zOjY6Il9mbGFzaCI7YToyOntzOjM6Im9sZCI7YTowOnt9czozOiJuZXciO2E6MDp7fX19',1621875043),('RpA7bMPu3g6fP7KCFOUb2cHbWuylhgqGAEbiiK76',NULL,'189.203.100.183','','YTozOntzOjY6Il90b2tlbiI7czo0MDoiek5xa3oxMjJJSmx6VlJvSHBaSWFxUDlmclQ4WUFFdU5rRk9yRFdvNSI7czo5OiJfcHJldmlvdXMiO2E6MTp7czozOiJ1cmwiO3M6NjE6Imh0dHBzOi8veHViYXguY29tL3Byb2R1eC9wdWJsaWMvQXBpL0xpZnRBbmRMZWFybi9nZXRBY3Rpb24vMTgiO31zOjY6Il9mbGFzaCI7YToyOntzOjM6Im9sZCI7YTowOnt9czozOiJuZXciO2E6MDp7fX19',1621875180),('SCbGDeWXMVzIyYU9mPZRG4ulQ3Y6KFHKPAC4SKkR',NULL,'189.203.100.183','','YTozOntzOjY6Il90b2tlbiI7czo0MDoiYjNNaFpiMDM0SE5rbVJ6djY0SE95Wk5RNHJjNmIwUGhCc0xvbWdJZyI7czo5OiJfcHJldmlvdXMiO2E6MTp7czozOiJ1cmwiO3M6NjE6Imh0dHBzOi8veHViYXguY29tL3Byb2R1eC9wdWJsaWMvQXBpL0xpZnRBbmRMZWFybi9nZXRBY3Rpb24vMTYiO31zOjY6Il9mbGFzaCI7YToyOntzOjM6Im9sZCI7YTowOnt9czozOiJuZXciO2E6MDp7fX19',1621875205),('SeygWNcpQgGVIiLqXUHDU5UevbOOgEVHqV9qSouJ',NULL,'189.203.100.183','','YTozOntzOjY6Il90b2tlbiI7czo0MDoiWXJISmpKWnR3dzVSZGV4YXBjd0NiZWFUeVNjODJaUHFTa3dSV1BCeSI7czo5OiJfcHJldmlvdXMiO2E6MTp7czozOiJ1cmwiO3M6NjE6Imh0dHBzOi8veHViYXguY29tL3Byb2R1eC9wdWJsaWMvQXBpL0xpZnRBbmRMZWFybi9nZXREYXRhc2V0LzkiO31zOjY6Il9mbGFzaCI7YToyOntzOjM6Im9sZCI7YTowOnt9czozOiJuZXciO2E6MDp7fX19',1621875197),('SrM4faDGL37DF2jKh0Kd9fVL7Zjxwzth2xH5ZEkb',NULL,'189.203.100.183','','YTozOntzOjY6Il90b2tlbiI7czo0MDoiak9PUGk3RjVqOElUanYxVHF4WTdhWjhDZmNXSDRwUXgxQjV0U3BrbCI7czo5OiJfcHJldmlvdXMiO2E6MTp7czozOiJ1cmwiO3M6NjE6Imh0dHBzOi8veHViYXguY29tL3Byb2R1eC9wdWJsaWMvQXBpL0xpZnRBbmRMZWFybi9nZXRBY3Rpb24vMTgiO31zOjY6Il9mbGFzaCI7YToyOntzOjM6Im9sZCI7YTowOnt9czozOiJuZXciO2E6MDp7fX19',1621875037),('ss20FNMi3nN6E7bvF8TdPC8UDGetGP79QlxE7PfS',NULL,'189.203.100.183','','YTozOntzOjY6Il90b2tlbiI7czo0MDoib09SRTlMU1FFRjVlb2dzcno3UjM4U2wzdXpKYVhkcU5ISHJOQmlDVSI7czo5OiJfcHJldmlvdXMiO2E6MTp7czozOiJ1cmwiO3M6NjE6Imh0dHBzOi8veHViYXguY29tL3Byb2R1eC9wdWJsaWMvQXBpL0xpZnRBbmRMZWFybi9nZXREYXRhc2V0LzkiO31zOjY6Il9mbGFzaCI7YToyOntzOjM6Im9sZCI7YTowOnt9czozOiJuZXciO2E6MDp7fX19',1621875244),('sT8ry0S3yTfX8nO2KKdi9H1eBX2uTL2UkQmKTRA1',NULL,'189.203.100.183','','YTozOntzOjY6Il90b2tlbiI7czo0MDoiN0o0d3RsTzdXY3d0anFFZnY5d1pEMmdDYXRLRDFsaWRlbWxmbHBUaiI7czo5OiJfcHJldmlvdXMiO2E6MTp7czozOiJ1cmwiO3M6NjE6Imh0dHBzOi8veHViYXguY29tL3Byb2R1eC9wdWJsaWMvQXBpL0xpZnRBbmRMZWFybi9nZXRBY3Rpb24vMTkiO31zOjY6Il9mbGFzaCI7YToyOntzOjM6Im9sZCI7YTowOnt9czozOiJuZXciO2E6MDp7fX19',1621875406),('tAfMFWJl2HQZGVUC4GQ0SznxD0LZZGNmbWRoNHHL',NULL,'189.203.100.183','','YTozOntzOjY6Il90b2tlbiI7czo0MDoiMURIQmRLRGVpdmVzWjFGVkFVSGRTVms5SXhoeURGQnZVUU5lTUZyZiI7czo5OiJfcHJldmlvdXMiO2E6MTp7czozOiJ1cmwiO3M6NjE6Imh0dHBzOi8veHViYXguY29tL3Byb2R1eC9wdWJsaWMvQXBpL0xpZnRBbmRMZWFybi9nZXREYXRhc2V0LzkiO31zOjY6Il9mbGFzaCI7YToyOntzOjM6Im9sZCI7YTowOnt9czozOiJuZXciO2E6MDp7fX19',1621875128),('tEFioXdzeKJrgo2FGCpoDPZatTIidKCEXcMfKEzk',NULL,'189.203.100.183','','YTozOntzOjY6Il90b2tlbiI7czo0MDoicmllTjdlSDc1bElBQ3BLcHI2RnA0SWlDd1g5R1RjWW15WUgyWWY3dyI7czo5OiJfcHJldmlvdXMiO2E6MTp7czozOiJ1cmwiO3M6NjE6Imh0dHBzOi8veHViYXguY29tL3Byb2R1eC9wdWJsaWMvQXBpL0xpZnRBbmRMZWFybi9nZXRBY3Rpb24vMTgiO31zOjY6Il9mbGFzaCI7YToyOntzOjM6Im9sZCI7YTowOnt9czozOiJuZXciO2E6MDp7fX19',1621875404),('TeQ03CPvdl6RgdSe6sshboxxLjaHkEnWo9Zd3p67',NULL,'189.203.100.183','','YTozOntzOjY6Il90b2tlbiI7czo0MDoia2tjazhvd3hISWVyeTY5aWVpNHRoSUFXYTBySUFNSmJEZDFHb092TyI7czo5OiJfcHJldmlvdXMiO2E6MTp7czozOiJ1cmwiO3M6NjE6Imh0dHBzOi8veHViYXguY29tL3Byb2R1eC9wdWJsaWMvQXBpL0xpZnRBbmRMZWFybi9nZXRBY3Rpb24vMTciO31zOjY6Il9mbGFzaCI7YToyOntzOjM6Im9sZCI7YTowOnt9czozOiJuZXciO2E6MDp7fX19',1621875410),('tKe8i9uBn12RqzbktR7XRs8TCoAmiYhY497C91jt',NULL,'189.203.100.183','','YTozOntzOjY6Il90b2tlbiI7czo0MDoidjhWd1N0SDRTOXRxWUliYVZqVUdsMEJhQ3EzS3NacGZ6d2hRT1YxaSI7czo5OiJfcHJldmlvdXMiO2E6MTp7czozOiJ1cmwiO3M6NjE6Imh0dHBzOi8veHViYXguY29tL3Byb2R1eC9wdWJsaWMvQXBpL0xpZnRBbmRMZWFybi9nZXRBY3Rpb24vMTgiO31zOjY6Il9mbGFzaCI7YToyOntzOjM6Im9sZCI7YTowOnt9czozOiJuZXciO2E6MDp7fX19',1621875262),('TOgbVAW8csJzYowQhCd5S4UWlLqXkMs4U5ZFiXPd',NULL,'189.203.100.183','','YTozOntzOjY6Il90b2tlbiI7czo0MDoiNjdqQTdzczRBQ3lTMWxKdTEzUW1zTzJNcG1NVkdqTzhINVhRNTB1aSI7czo5OiJfcHJldmlvdXMiO2E6MTp7czozOiJ1cmwiO3M6NjE6Imh0dHBzOi8veHViYXguY29tL3Byb2R1eC9wdWJsaWMvQXBpL0xpZnRBbmRMZWFybi9nZXREYXRhc2V0LzkiO31zOjY6Il9mbGFzaCI7YToyOntzOjM6Im9sZCI7YTowOnt9czozOiJuZXciO2E6MDp7fX19',1621875339),('Tqbq1ZIUekewjpX27vE95FeFVKyqa8RAbu68VpEP',NULL,'189.203.100.183','','YTozOntzOjY6Il90b2tlbiI7czo0MDoibGgycjVZRkNBWFoyYlN1ckhQQU5zQjJLcTdNOGJSeVlTYWltaXZuMiI7czo5OiJfcHJldmlvdXMiO2E6MTp7czozOiJ1cmwiO3M6NjE6Imh0dHBzOi8veHViYXguY29tL3Byb2R1eC9wdWJsaWMvQXBpL0xpZnRBbmRMZWFybi9nZXRBY3Rpb24vMTYiO31zOjY6Il9mbGFzaCI7YToyOntzOjM6Im9sZCI7YTowOnt9czozOiJuZXciO2E6MDp7fX19',1621875122),('tubbMEVEdOEHhHJbCfuGtHig3oETAyShni3SIDYu',NULL,'189.203.100.183','','YTozOntzOjY6Il90b2tlbiI7czo0MDoiY1p6QWZJU0VyNjNyU3BpT2k2VjhXbkVJNVY4bTJyQm1rclRLcHNHUiI7czo5OiJfcHJldmlvdXMiO2E6MTp7czozOiJ1cmwiO3M6NjE6Imh0dHBzOi8veHViYXguY29tL3Byb2R1eC9wdWJsaWMvQXBpL0xpZnRBbmRMZWFybi9nZXRBY3Rpb24vMTkiO31zOjY6Il9mbGFzaCI7YToyOntzOjM6Im9sZCI7YTowOnt9czozOiJuZXciO2E6MDp7fX19',1621875351),('tXiSrNedUXDoQXrnChbcWOsV2dW5iXA6LhYzDrcA',NULL,'189.203.100.183','','YTozOntzOjY6Il90b2tlbiI7czo0MDoiTlhwbGNWUW4yVE5zVjhRRVNmNlpUOFBuMWV6Z1JTeTlQZG40OEp2ZyI7czo5OiJfcHJldmlvdXMiO2E6MTp7czozOiJ1cmwiO3M6NjE6Imh0dHBzOi8veHViYXguY29tL3Byb2R1eC9wdWJsaWMvQXBpL0xpZnRBbmRMZWFybi9nZXRBY3Rpb24vMTkiO31zOjY6Il9mbGFzaCI7YToyOntzOjM6Im9sZCI7YTowOnt9czozOiJuZXciO2E6MDp7fX19',1621875072),('TXjaf27u5FheMhECBKaJqYpNMxdLoinNEzFowKeu',NULL,'189.203.100.183','','YTozOntzOjY6Il90b2tlbiI7czo0MDoiRHBXYWhHcWlVSFZTTEtaSGRYeHhQMUhyYTlTMmVjMXhlM2pvZW9FZCI7czo5OiJfcHJldmlvdXMiO2E6MTp7czozOiJ1cmwiO3M6NjE6Imh0dHBzOi8veHViYXguY29tL3Byb2R1eC9wdWJsaWMvQXBpL0xpZnRBbmRMZWFybi9nZXRBY3Rpb24vMTkiO31zOjY6Il9mbGFzaCI7YToyOntzOjM6Im9sZCI7YTowOnt9czozOiJuZXciO2E6MDp7fX19',1621875222),('U1uHfBST2XzgxhfzOiAQwOiwtBYRGCFS7srEXC6Q',NULL,'189.203.100.183','','YTozOntzOjY6Il90b2tlbiI7czo0MDoicFBxMURvR2s5THJTcnVoRFRqM1RvTjdZRjRrbWk5TnFjVzZPYmd3dyI7czo5OiJfcHJldmlvdXMiO2E6MTp7czozOiJ1cmwiO3M6NjE6Imh0dHBzOi8veHViYXguY29tL3Byb2R1eC9wdWJsaWMvQXBpL0xpZnRBbmRMZWFybi9nZXRBY3Rpb24vMTYiO31zOjY6Il9mbGFzaCI7YToyOntzOjM6Im9sZCI7YTowOnt9czozOiJuZXciO2E6MDp7fX19',1621875313),('u4lquoLDKKm08b3hlwGx9wxIBGo4gmZp0dPxj9BQ',NULL,'189.203.100.183','','YTozOntzOjY6Il90b2tlbiI7czo0MDoibVNBWW9YSFRwNWR3ME5WSTZ5Qk9qV3ZPQ0U2eDFKRmNlbDlqelhFdCI7czo5OiJfcHJldmlvdXMiO2E6MTp7czozOiJ1cmwiO3M6NjE6Imh0dHBzOi8veHViYXguY29tL3Byb2R1eC9wdWJsaWMvQXBpL0xpZnRBbmRMZWFybi9nZXRBY3Rpb24vMTYiO31zOjY6Il9mbGFzaCI7YToyOntzOjM6Im9sZCI7YTowOnt9czozOiJuZXciO2E6MDp7fX19',1621875360),('UgQnNFopB9OQ33XDxD4zdMymzt7txyyp9e0JmYDC',NULL,'189.203.100.183','','YTozOntzOjY6Il90b2tlbiI7czo0MDoiYXF4NEl2SzdCT0VSSGl4cExUOTlZdjZSN0FtUnI1TlRCUU5xWmFSdiI7czo5OiJfcHJldmlvdXMiO2E6MTp7czozOiJ1cmwiO3M6NjE6Imh0dHBzOi8veHViYXguY29tL3Byb2R1eC9wdWJsaWMvQXBpL0xpZnRBbmRMZWFybi9nZXRBY3Rpb24vMTYiO31zOjY6Il9mbGFzaCI7YToyOntzOjM6Im9sZCI7YTowOnt9czozOiJuZXciO2E6MDp7fX19',1621875021),('uLhhy8bngy7HZrKeIJswl17MHCFIuvMolJ6LVQG5',NULL,'189.203.100.183','','YTozOntzOjY6Il90b2tlbiI7czo0MDoiM1Z4M1dIb2g2QlRjbmdoR1NwUTRNaWlBVlh4dFVZclNUNTFHRVhsNSI7czo5OiJfcHJldmlvdXMiO2E6MTp7czozOiJ1cmwiO3M6NjE6Imh0dHBzOi8veHViYXguY29tL3Byb2R1eC9wdWJsaWMvQXBpL0xpZnRBbmRMZWFybi9nZXREYXRhc2V0LzkiO31zOjY6Il9mbGFzaCI7YToyOntzOjM6Im9sZCI7YTowOnt9czozOiJuZXciO2E6MDp7fX19',1621875169),('uPgQDwkmDaJPbY3gugm9snOLBuR9pDsmB20TVPTx',NULL,'189.203.100.183','','YTozOntzOjY6Il90b2tlbiI7czo0MDoiVHV4cjR3UmNKMnVxRnhxZTFMTG5TcUVtSzJZWFNkN0xlM25Tbk9JNiI7czo5OiJfcHJldmlvdXMiO2E6MTp7czozOiJ1cmwiO3M6NjE6Imh0dHBzOi8veHViYXguY29tL3Byb2R1eC9wdWJsaWMvQXBpL0xpZnRBbmRMZWFybi9nZXRBY3Rpb24vMTYiO31zOjY6Il9mbGFzaCI7YToyOntzOjM6Im9sZCI7YTowOnt9czozOiJuZXciO2E6MDp7fX19',1621875211),('uSc1nOfPQWlGp929iTlXJh1RE4m9XaegDxAJGlZx',NULL,'189.203.100.183','','YTozOntzOjY6Il90b2tlbiI7czo0MDoiU203UFBzTDlaYTJQMzBmcW1RTXVMYjJtbTBHYzMwYmhxU3VQSjN2VCI7czo5OiJfcHJldmlvdXMiO2E6MTp7czozOiJ1cmwiO3M6NjE6Imh0dHBzOi8veHViYXguY29tL3Byb2R1eC9wdWJsaWMvQXBpL0xpZnRBbmRMZWFybi9nZXREYXRhc2V0LzkiO31zOjY6Il9mbGFzaCI7YToyOntzOjM6Im9sZCI7YTowOnt9czozOiJuZXciO2E6MDp7fX19',1621875278),('UslVyRGzMBp6gpPMDa6Il6aIvScVd5liYFKBBR9c',NULL,'189.203.100.183','','YTozOntzOjY6Il90b2tlbiI7czo0MDoiUmdlRVh2RXFVUjMwbVRLem9CNmpXWW15SlZHSU9CbEJhY2JlMEJoTyI7czo5OiJfcHJldmlvdXMiO2E6MTp7czozOiJ1cmwiO3M6NjE6Imh0dHBzOi8veHViYXguY29tL3Byb2R1eC9wdWJsaWMvQXBpL0xpZnRBbmRMZWFybi9nZXRBY3Rpb24vMTYiO31zOjY6Il9mbGFzaCI7YToyOntzOjM6Im9sZCI7YTowOnt9czozOiJuZXciO2E6MDp7fX19',1621875075),('UwUo8spWbZF4BmQbv9NmwrRQytFl55APtFZF7n7Z',NULL,'189.203.100.183','','YTozOntzOjY6Il90b2tlbiI7czo0MDoiaGI2TURsOUpUYVhsbHg0SWJ3U1JiSkJEa3I3YWtmV05CTm5JU0kzWiI7czo5OiJfcHJldmlvdXMiO2E6MTp7czozOiJ1cmwiO3M6NjE6Imh0dHBzOi8veHViYXguY29tL3Byb2R1eC9wdWJsaWMvQXBpL0xpZnRBbmRMZWFybi9nZXRBY3Rpb24vMTkiO31zOjY6Il9mbGFzaCI7YToyOntzOjM6Im9sZCI7YTowOnt9czozOiJuZXciO2E6MDp7fX19',1621875337),('v6B2Zsx0jhI3DSW64dKQu02njX8BlFyyGvkOWtB8',NULL,'189.203.100.183','','YTozOntzOjY6Il90b2tlbiI7czo0MDoiWmNPbFFaM1paVkJoZlZpRmczcmpCeWNaWmJpYXFZNnZ1dlBUQXhTNCI7czo5OiJfcHJldmlvdXMiO2E6MTp7czozOiJ1cmwiO3M6NjE6Imh0dHBzOi8veHViYXguY29tL3Byb2R1eC9wdWJsaWMvQXBpL0xpZnRBbmRMZWFybi9nZXRBY3Rpb24vMTgiO31zOjY6Il9mbGFzaCI7YToyOntzOjM6Im9sZCI7YTowOnt9czozOiJuZXciO2E6MDp7fX19',1621875146),('vbOy3nMKdhfOqAAP9NZuufw8msVvCs9CZD3RGYMw',NULL,'189.203.100.183','','YTozOntzOjY6Il90b2tlbiI7czo0MDoiT2Z0eXZzaVdMYTROeURzeklBdWlZejdaVE5nYzdVTlQ4bUJ2S08yWiI7czo5OiJfcHJldmlvdXMiO2E6MTp7czozOiJ1cmwiO3M6NjE6Imh0dHBzOi8veHViYXguY29tL3Byb2R1eC9wdWJsaWMvQXBpL0xpZnRBbmRMZWFybi9nZXRBY3Rpb24vMTgiO31zOjY6Il9mbGFzaCI7YToyOntzOjM6Im9sZCI7YTowOnt9czozOiJuZXciO2E6MDp7fX19',1621875194),('VClNTS62eGGPkHEkdUjBgzzXYBck5CX57RWhXpA2',NULL,'189.203.100.183','','YTozOntzOjY6Il90b2tlbiI7czo0MDoiRXQ2a0FkVXJWdTlmbkd0VHhyRVlpcEJWMHhQamhGZEZyNnpPRmlidyI7czo5OiJfcHJldmlvdXMiO2E6MTp7czozOiJ1cmwiO3M6NjE6Imh0dHBzOi8veHViYXguY29tL3Byb2R1eC9wdWJsaWMvQXBpL0xpZnRBbmRMZWFybi9nZXRBY3Rpb24vMTgiO31zOjY6Il9mbGFzaCI7YToyOntzOjM6Im9sZCI7YTowOnt9czozOiJuZXciO2E6MDp7fX19',1621875370),('veLVYmBYguWEeuN7FzxjCJhGxft9XHKSZtNF709c',NULL,'189.203.100.183','','YTozOntzOjY6Il90b2tlbiI7czo0MDoiN3ZSRHF0bVBGdmNRa0dVT05Lams1NXpBNnBJbXY0emN4WWFiTWg4RCI7czo5OiJfcHJldmlvdXMiO2E6MTp7czozOiJ1cmwiO3M6NjE6Imh0dHBzOi8veHViYXguY29tL3Byb2R1eC9wdWJsaWMvQXBpL0xpZnRBbmRMZWFybi9nZXRBY3Rpb24vMTgiO31zOjY6Il9mbGFzaCI7YToyOntzOjM6Im9sZCI7YTowOnt9czozOiJuZXciO2E6MDp7fX19',1621875153),('vF7M9UuDr9DirimE4sgf44mnv7Vjz1RMh4w7te8D',NULL,'189.203.100.183','','YTozOntzOjY6Il90b2tlbiI7czo0MDoiUjF2MWNIR3JSMHVSdFNnS1dOYXA1UlZtbm5jWm9TcVBqNUNrc1BHbyI7czo5OiJfcHJldmlvdXMiO2E6MTp7czozOiJ1cmwiO3M6NjE6Imh0dHBzOi8veHViYXguY29tL3Byb2R1eC9wdWJsaWMvQXBpL0xpZnRBbmRMZWFybi9nZXRBY3Rpb24vMTciO31zOjY6Il9mbGFzaCI7YToyOntzOjM6Im9sZCI7YTowOnt9czozOiJuZXciO2E6MDp7fX19',1621875083),('vfTGNXdylDAwVLPG8NImZRkWyOuExsK6rFVSbfEg',NULL,'189.203.100.183','','YTozOntzOjY6Il90b2tlbiI7czo0MDoibVgxY3NGeDdWdWJUYjEzQW56b2d6Y0NWZ3NoNHBVSGdTSjBLQjNEdyI7czo5OiJfcHJldmlvdXMiO2E6MTp7czozOiJ1cmwiO3M6NjE6Imh0dHBzOi8veHViYXguY29tL3Byb2R1eC9wdWJsaWMvQXBpL0xpZnRBbmRMZWFybi9nZXRBY3Rpb24vMTciO31zOjY6Il9mbGFzaCI7YToyOntzOjM6Im9sZCI7YTowOnt9czozOiJuZXciO2E6MDp7fX19',1621875117),('vGbFjzrJmvCbYGgtFikDYrAshUkYieOQAcsaM7qZ',NULL,'189.203.100.183','','YTozOntzOjY6Il90b2tlbiI7czo0MDoiS0Z2OGpwSmVZYXhmRndVeUs2SjRjUmw5NlNLUUtuUjJETU1kWFBWcyI7czo5OiJfcHJldmlvdXMiO2E6MTp7czozOiJ1cmwiO3M6NjE6Imh0dHBzOi8veHViYXguY29tL3Byb2R1eC9wdWJsaWMvQXBpL0xpZnRBbmRMZWFybi9nZXRBY3Rpb24vMTkiO31zOjY6Il9mbGFzaCI7YToyOntzOjM6Im9sZCI7YTowOnt9czozOiJuZXciO2E6MDp7fX19',1621875066),('VGL0jpZ5kYrlHvGv89oHOmWMmImQOTpJX2swAzmt',NULL,'189.203.100.183','','YTozOntzOjY6Il90b2tlbiI7czo0MDoiVUtmTE92OHZmMGpJQVBpRkh5VzVsSFNWaWpBS2RybGRSeGFORFNBQyI7czo5OiJfcHJldmlvdXMiO2E6MTp7czozOiJ1cmwiO3M6NjE6Imh0dHBzOi8veHViYXguY29tL3Byb2R1eC9wdWJsaWMvQXBpL0xpZnRBbmRMZWFybi9nZXRBY3Rpb24vMTkiO31zOjY6Il9mbGFzaCI7YToyOntzOjM6Im9sZCI7YTowOnt9czozOiJuZXciO2E6MDp7fX19',1621875399),('vgttwNBDZxm2Df8m0J3HPXZNOKyEyMNLQO9f6MVX',NULL,'189.203.100.183','','YTozOntzOjY6Il90b2tlbiI7czo0MDoicTc2b2VIRFFJYVdycEJNMUR5RzRFUzVxZUhzb2RnS2VabzRPekdmNiI7czo5OiJfcHJldmlvdXMiO2E6MTp7czozOiJ1cmwiO3M6NjE6Imh0dHBzOi8veHViYXguY29tL3Byb2R1eC9wdWJsaWMvQXBpL0xpZnRBbmRMZWFybi9nZXRBY3Rpb24vMTYiO31zOjY6Il9mbGFzaCI7YToyOntzOjM6Im9sZCI7YTowOnt9czozOiJuZXciO2E6MDp7fX19',1621875354),('vIUSuH02oSRGRbpfiltnOkv1Dd4QXzDAIYN0xsfB',NULL,'189.203.100.183','','YTozOntzOjY6Il90b2tlbiI7czo0MDoiVGFxdGdIYmpuWUptUjl1amM0UkRjdlVlelYyaDFxNjM4dlNtbmd6eiI7czo5OiJfcHJldmlvdXMiO2E6MTp7czozOiJ1cmwiO3M6NjE6Imh0dHBzOi8veHViYXguY29tL3Byb2R1eC9wdWJsaWMvQXBpL0xpZnRBbmRMZWFybi9nZXRBY3Rpb24vMTgiO31zOjY6Il9mbGFzaCI7YToyOntzOjM6Im9sZCI7YTowOnt9czozOiJuZXciO2E6MDp7fX19',1621875343),('VR49mt3vnPkHl0fAgvM7ESyOGR94HG2O2ocN8eq1',NULL,'189.203.100.183','','YTozOntzOjY6Il90b2tlbiI7czo0MDoiUnVQcDJrSmZrSnU4RGNyMjZ2eG5LZWNsS3lzMTlxRXNHUXppR25paCI7czo5OiJfcHJldmlvdXMiO2E6MTp7czozOiJ1cmwiO3M6NjE6Imh0dHBzOi8veHViYXguY29tL3Byb2R1eC9wdWJsaWMvQXBpL0xpZnRBbmRMZWFybi9nZXRBY3Rpb24vMTYiO31zOjY6Il9mbGFzaCI7YToyOntzOjM6Im9sZCI7YTowOnt9czozOiJuZXciO2E6MDp7fX19',1621875170),('Vrt2gU551IXieofbC8s4CUGFro1xeGbyJ6n26yej',NULL,'189.203.100.183','','YTozOntzOjY6Il90b2tlbiI7czo0MDoiem9JSjFaQzNtNHJlclExNnd5UG0zcUh0YUhLV2JlOGxaTW9xTnE2VCI7czo5OiJfcHJldmlvdXMiO2E6MTp7czozOiJ1cmwiO3M6NjE6Imh0dHBzOi8veHViYXguY29tL3Byb2R1eC9wdWJsaWMvQXBpL0xpZnRBbmRMZWFybi9nZXRBY3Rpb24vMTgiO31zOjY6Il9mbGFzaCI7YToyOntzOjM6Im9sZCI7YTowOnt9czozOiJuZXciO2E6MDp7fX19',1621875356),('vVT6dIz6XjrizP9DFeMMehpwYEQr8U9y5mku0y5z',NULL,'189.203.100.183','','YTozOntzOjY6Il90b2tlbiI7czo0MDoibXM3UlQ4WVA1OUxCVzFicnR1aXVHdkZUczVwWjdJc2pWenRmN0JPcSI7czo5OiJfcHJldmlvdXMiO2E6MTp7czozOiJ1cmwiO3M6NjE6Imh0dHBzOi8veHViYXguY29tL3Byb2R1eC9wdWJsaWMvQXBpL0xpZnRBbmRMZWFybi9nZXRBY3Rpb24vMTciO31zOjY6Il9mbGFzaCI7YToyOntzOjM6Im9sZCI7YTowOnt9czozOiJuZXciO2E6MDp7fX19',1621875240),('VxaNhcbVcxsQJozUs1AodvVPgfGcIG9dx9DbfAJg',NULL,'189.203.100.183','','YTozOntzOjY6Il90b2tlbiI7czo0MDoiVFFGM0FYbDFkM0VsdDJNbmRMamx1ek1oem5kRTJIa000bXBOWDgzdCI7czo5OiJfcHJldmlvdXMiO2E6MTp7czozOiJ1cmwiO3M6NjE6Imh0dHBzOi8veHViYXguY29tL3Byb2R1eC9wdWJsaWMvQXBpL0xpZnRBbmRMZWFybi9nZXREYXRhc2V0LzkiO31zOjY6Il9mbGFzaCI7YToyOntzOjM6Im9sZCI7YTowOnt9czozOiJuZXciO2E6MDp7fX19',1621875393),('vXTJXYlYcqUZAH02WrPdmcwXzmZOg7QT0ZuyhBHB',NULL,'189.203.100.183','','YTozOntzOjY6Il90b2tlbiI7czo0MDoiSXFXVm5CaWdJeERDVVM0SXNOSElEc1dBVlJTOXNEOUJxWUcxTlNPaiI7czo5OiJfcHJldmlvdXMiO2E6MTp7czozOiJ1cmwiO3M6NjE6Imh0dHBzOi8veHViYXguY29tL3Byb2R1eC9wdWJsaWMvQXBpL0xpZnRBbmRMZWFybi9nZXRBY3Rpb24vMTciO31zOjY6Il9mbGFzaCI7YToyOntzOjM6Im9sZCI7YTowOnt9czozOiJuZXciO2E6MDp7fX19',1621875036),('w0OOwYrdEpmq4XjJ6sRh3TAWR8jpQESE9LcVAQjQ',NULL,'189.203.100.183','','YTozOntzOjY6Il90b2tlbiI7czo0MDoicWYzN1h5bDNRQndsbVl4QXNrMEl4ZzY1ak5ldTlWNHRCb0RPUmpVMCI7czo5OiJfcHJldmlvdXMiO2E6MTp7czozOiJ1cmwiO3M6NjE6Imh0dHBzOi8veHViYXguY29tL3Byb2R1eC9wdWJsaWMvQXBpL0xpZnRBbmRMZWFybi9nZXRBY3Rpb24vMTciO31zOjY6Il9mbGFzaCI7YToyOntzOjM6Im9sZCI7YTowOnt9czozOiJuZXciO2E6MDp7fX19',1621875192),('W8ImOCn2MHjuFy1RlFTLKVYG7dnTHO6A8lCFj2UT',NULL,'189.203.100.183','','YTozOntzOjY6Il90b2tlbiI7czo0MDoiaHVtTktRNTRVWkNLbHJ5anFkUTl0ZVl3R3gwSndXWE9IckVOYlducCI7czo5OiJfcHJldmlvdXMiO2E6MTp7czozOiJ1cmwiO3M6NjE6Imh0dHBzOi8veHViYXguY29tL3Byb2R1eC9wdWJsaWMvQXBpL0xpZnRBbmRMZWFybi9nZXRBY3Rpb24vMTYiO31zOjY6Il9mbGFzaCI7YToyOntzOjM6Im9sZCI7YTowOnt9czozOiJuZXciO2E6MDp7fX19',1621875374),('WAyZzFWvNVPoyHfXLpeyZyr0y8sAOgR7Jom5iggR',NULL,'189.203.100.183','','YTozOntzOjY6Il90b2tlbiI7czo0MDoiYUhwcEpwY2dtMkpVYldmTEJQQ2hOb2VDM0x0VEcySnZtVkJaU0xyVyI7czo5OiJfcHJldmlvdXMiO2E6MTp7czozOiJ1cmwiO3M6NjE6Imh0dHBzOi8veHViYXguY29tL3Byb2R1eC9wdWJsaWMvQXBpL0xpZnRBbmRMZWFybi9nZXRBY3Rpb24vMTciO31zOjY6Il9mbGFzaCI7YToyOntzOjM6Im9sZCI7YTowOnt9czozOiJuZXciO2E6MDp7fX19',1621875321),('wbEervql7NSW865LcC2ODh1ncMd2bZIuNEF9lFM2',NULL,'189.203.100.183','','YTozOntzOjY6Il90b2tlbiI7czo0MDoiVUxFaWd6d1pCck1hckxtb3NReThLSnU5TlJiNzY0TzhsTHc1VkZrOCI7czo5OiJfcHJldmlvdXMiO2E6MTp7czozOiJ1cmwiO3M6NjE6Imh0dHBzOi8veHViYXguY29tL3Byb2R1eC9wdWJsaWMvQXBpL0xpZnRBbmRMZWFybi9nZXRBY3Rpb24vMTYiO31zOjY6Il9mbGFzaCI7YToyOntzOjM6Im9sZCI7YTowOnt9czozOiJuZXciO2E6MDp7fX19',1621875225),('WE0e19DRp2JSIkH8ys8FErL21kPKVZJYbAdKioPU',NULL,'189.203.100.183','','YTozOntzOjY6Il90b2tlbiI7czo0MDoiMEY3cGxFcGRNV1NKbHpBcG5HckZwczQxSG5QODNTVlFkaWJLWEFrQyI7czo5OiJfcHJldmlvdXMiO2E6MTp7czozOiJ1cmwiO3M6NjE6Imh0dHBzOi8veHViYXguY29tL3Byb2R1eC9wdWJsaWMvQXBpL0xpZnRBbmRMZWFybi9nZXRBY3Rpb24vMTgiO31zOjY6Il9mbGFzaCI7YToyOntzOjM6Im9sZCI7YTowOnt9czozOiJuZXciO2E6MDp7fX19',1621875125),('wEWYi01oZAClorQBMloGJ3CIaw2QEL3rUqpsPySV',NULL,'189.203.100.183','','YTozOntzOjY6Il90b2tlbiI7czo0MDoiVjZhNHdsT29HNVllZURjODJXV25oVTkwRDNONzFSelFLVmZkM0hZUCI7czo5OiJfcHJldmlvdXMiO2E6MTp7czozOiJ1cmwiO3M6NjE6Imh0dHBzOi8veHViYXguY29tL3Byb2R1eC9wdWJsaWMvQXBpL0xpZnRBbmRMZWFybi9nZXRBY3Rpb24vMTkiO31zOjY6Il9mbGFzaCI7YToyOntzOjM6Im9sZCI7YTowOnt9czozOiJuZXciO2E6MDp7fX19',1621875188),('WExepps6rW3vQeydCrAEZGgZkBPCVbuRtewtkeXR',NULL,'189.203.100.183','','YTozOntzOjY6Il90b2tlbiI7czo0MDoiZkZRdjA5UGp2U3hpMWRnYmF5TTRzSG1pemZTS2JNRWRYOFdLU3FIcyI7czo5OiJfcHJldmlvdXMiO2E6MTp7czozOiJ1cmwiO3M6NjE6Imh0dHBzOi8veHViYXguY29tL3Byb2R1eC9wdWJsaWMvQXBpL0xpZnRBbmRMZWFybi9nZXREYXRhc2V0LzkiO31zOjY6Il9mbGFzaCI7YToyOntzOjM6Im9sZCI7YTowOnt9czozOiJuZXciO2E6MDp7fX19',1621875026),('wMX109nwlyly8AnavIVU03Zr30q8uqu60V4Kvd8q',NULL,'189.203.100.183','','YTozOntzOjY6Il90b2tlbiI7czo0MDoiU3IzUHVmdGxOOUxWTG9ka0FrdkszckJwODJpcjZZdDVZbUZlMmdLciI7czo5OiJfcHJldmlvdXMiO2E6MTp7czozOiJ1cmwiO3M6NjE6Imh0dHBzOi8veHViYXguY29tL3Byb2R1eC9wdWJsaWMvQXBpL0xpZnRBbmRMZWFybi9nZXRBY3Rpb24vMTkiO31zOjY6Il9mbGFzaCI7YToyOntzOjM6Im9sZCI7YTowOnt9czozOiJuZXciO2E6MDp7fX19',1621875147),('WOV2i7oMPFNXeH6OhIjrdCOFAwwPv5GplgSeYFfR',NULL,'189.203.100.183','','YTozOntzOjY6Il90b2tlbiI7czo0MDoiTnNEbUlKcHZFejFmTlVvSVMxaElaY29nZjBSOTY1VjY4ZHNxd3BvVSI7czo5OiJfcHJldmlvdXMiO2E6MTp7czozOiJ1cmwiO3M6NjE6Imh0dHBzOi8veHViYXguY29tL3Byb2R1eC9wdWJsaWMvQXBpL0xpZnRBbmRMZWFybi9nZXRBY3Rpb24vMTYiO31zOjY6Il9mbGFzaCI7YToyOntzOjM6Im9sZCI7YTowOnt9czozOiJuZXciO2E6MDp7fX19',1621875218),('WY7aHrZXvC8IruPJ6SXiUPFLCbrw5zhZOHaOZiAm',NULL,'189.203.100.183','','YTozOntzOjY6Il90b2tlbiI7czo0MDoiYW5WdnJ1NkdjM09MeHY3NzVpd1MzNU1FRFpuWHRIQ1VUT1NRYndVYyI7czo5OiJfcHJldmlvdXMiO2E6MTp7czozOiJ1cmwiO3M6NjE6Imh0dHBzOi8veHViYXguY29tL3Byb2R1eC9wdWJsaWMvQXBpL0xpZnRBbmRMZWFybi9nZXRBY3Rpb24vMTgiO31zOjY6Il9mbGFzaCI7YToyOntzOjM6Im9sZCI7YTowOnt9czozOiJuZXciO2E6MDp7fX19',1621875255),('x1pjhuXfG3bma0n5K1lRYqthJXdt1btFDP0dbyIN',NULL,'189.203.100.183','','YTozOntzOjY6Il90b2tlbiI7czo0MDoiTXpRV1BmamJUaE9YVGpiQU92bGVtZkVEb0JHRVMxQ0VVR1lQTHBWVCI7czo5OiJfcHJldmlvdXMiO2E6MTp7czozOiJ1cmwiO3M6NjE6Imh0dHBzOi8veHViYXguY29tL3Byb2R1eC9wdWJsaWMvQXBpL0xpZnRBbmRMZWFybi9nZXRBY3Rpb24vMTkiO31zOjY6Il9mbGFzaCI7YToyOntzOjM6Im9sZCI7YTowOnt9czozOiJuZXciO2E6MDp7fX19',1621875045),('XAsmZ93pVTTDcsxHzPp4qOmqWbsSLPLrntsJHc35',NULL,'189.203.100.183','','YTozOntzOjY6Il90b2tlbiI7czo0MDoic1J4TkVWcDBLbVluUERmOW1EblQzWUZ0MFZlWFJMUll4QVJqbUJaSCI7czo5OiJfcHJldmlvdXMiO2E6MTp7czozOiJ1cmwiO3M6NjE6Imh0dHBzOi8veHViYXguY29tL3Byb2R1eC9wdWJsaWMvQXBpL0xpZnRBbmRMZWFybi9nZXRBY3Rpb24vMTgiO31zOjY6Il9mbGFzaCI7YToyOntzOjM6Im9sZCI7YTowOnt9czozOiJuZXciO2E6MDp7fX19',1621875118),('xB6t9wS93yLIhI7H0oOCxJrnXyhrWD066QWxQPUo',NULL,'189.203.100.183','','YTozOntzOjY6Il90b2tlbiI7czo0MDoiQVBKWjdiTzRuSkJ4RTU0ZldXYjN1MUM0R2F2OEJkSzFiSFdGSFZ2bCI7czo5OiJfcHJldmlvdXMiO2E6MTp7czozOiJ1cmwiO3M6NjE6Imh0dHBzOi8veHViYXguY29tL3Byb2R1eC9wdWJsaWMvQXBpL0xpZnRBbmRMZWFybi9nZXRBY3Rpb24vMTgiO31zOjY6Il9mbGFzaCI7YToyOntzOjM6Im9sZCI7YTowOnt9czozOiJuZXciO2E6MDp7fX19',1621875234),('XIMpkP2AFFLiC6hVWTqBH2LNFEFHFmYRfjElRfSf',NULL,'189.203.100.183','','YTozOntzOjY6Il90b2tlbiI7czo0MDoiVmczMXhaRnlPVmZyVk5ic2JqbllLUEFINjVZMUlsVDhqUWNNazBmeCI7czo5OiJfcHJldmlvdXMiO2E6MTp7czozOiJ1cmwiO3M6NjE6Imh0dHBzOi8veHViYXguY29tL3Byb2R1eC9wdWJsaWMvQXBpL0xpZnRBbmRMZWFybi9nZXREYXRhc2V0LzkiO31zOjY6Il9mbGFzaCI7YToyOntzOjM6Im9sZCI7YTowOnt9czozOiJuZXciO2E6MDp7fX19',1621875067),('XKAepzQFaJKZUO3sdcWYuPo4i8XnSZlYl6t8T0LJ',NULL,'189.203.100.183','','YTozOntzOjY6Il90b2tlbiI7czo0MDoieExPWXhyTGphVTUxYXY5V1IwUG5nUkc4NEE2U3ZPbTBBWHk5OXU2TCI7czo5OiJfcHJldmlvdXMiO2E6MTp7czozOiJ1cmwiO3M6NjE6Imh0dHBzOi8veHViYXguY29tL3Byb2R1eC9wdWJsaWMvQXBpL0xpZnRBbmRMZWFybi9nZXRBY3Rpb24vMTgiO31zOjY6Il9mbGFzaCI7YToyOntzOjM6Im9sZCI7YTowOnt9czozOiJuZXciO2E6MDp7fX19',1621875288),('XKL8moLpfkeHCsQufcvLb48NgrgWHyi4l6n2pPam',NULL,'189.203.100.183','','YTozOntzOjY6Il90b2tlbiI7czo0MDoiSUF1VHFBSjZJb3lnS2RyTWc3cFVJcmdibjFyU0dxZE43b0NPS3pYaCI7czo5OiJfcHJldmlvdXMiO2E6MTp7czozOiJ1cmwiO3M6NjE6Imh0dHBzOi8veHViYXguY29tL3Byb2R1eC9wdWJsaWMvQXBpL0xpZnRBbmRMZWFybi9nZXRBY3Rpb24vMTciO31zOjY6Il9mbGFzaCI7YToyOntzOjM6Im9sZCI7YTowOnt9czozOiJuZXciO2E6MDp7fX19',1621875267),('xsaYOx6roC6h9dyZTvJspT2jbW9gyQuupp7BH6wV',NULL,'189.203.100.183','','YTozOntzOjY6Il90b2tlbiI7czo0MDoibDB3cm1zcDA5SzN3OVhLOERIT0l0Mkx4dmVZSmY5QWs3QTdFa3FSWCI7czo5OiJfcHJldmlvdXMiO2E6MTp7czozOiJ1cmwiO3M6NjE6Imh0dHBzOi8veHViYXguY29tL3Byb2R1eC9wdWJsaWMvQXBpL0xpZnRBbmRMZWFybi9nZXRBY3Rpb24vMTYiO31zOjY6Il9mbGFzaCI7YToyOntzOjM6Im9sZCI7YTowOnt9czozOiJuZXciO2E6MDp7fX19',1621875266),('XtGWvwNSaGt5a141zC1XT1pQu3sz5O0HRdeTIi8I',NULL,'189.203.100.183','','YTozOntzOjY6Il90b2tlbiI7czo0MDoiWmdIUWJKWjZOeUk0V0pIakhlRDlEcEs1R3Y2TzM1YnVwazIzQ1l1aiI7czo5OiJfcHJldmlvdXMiO2E6MTp7czozOiJ1cmwiO3M6NjE6Imh0dHBzOi8veHViYXguY29tL3Byb2R1eC9wdWJsaWMvQXBpL0xpZnRBbmRMZWFybi9nZXRBY3Rpb24vMTciO31zOjY6Il9mbGFzaCI7YToyOntzOjM6Im9sZCI7YTowOnt9czozOiJuZXciO2E6MDp7fX19',1621875247),('xWigpNX6NT2DsadTEy0oiCdum4YZz2sJp3imWKTE',NULL,'189.203.100.183','','YTozOntzOjY6Il90b2tlbiI7czo0MDoib0M5YVhJdWRNNVhzVjZ3dHBNazBZNlh6d0dtYUxsUWFhSVJ0aGdYZCI7czo5OiJfcHJldmlvdXMiO2E6MTp7czozOiJ1cmwiO3M6NjE6Imh0dHBzOi8veHViYXguY29tL3Byb2R1eC9wdWJsaWMvQXBpL0xpZnRBbmRMZWFybi9nZXRBY3Rpb24vMTgiO31zOjY6Il9mbGFzaCI7YToyOntzOjM6Im9sZCI7YTowOnt9czozOiJuZXciO2E6MDp7fX19',1621875085),('XXQ2J5Kib0Pj7qyfmqtQV5qVrT13KQk2DS2trtG5',NULL,'189.203.100.183','','YTozOntzOjY6Il90b2tlbiI7czo0MDoiRlY2azBlUnNFN0Z4UHlSQXg4bkRiY1RVMlB3cndFYlJPUkc2TGwzMCI7czo5OiJfcHJldmlvdXMiO2E6MTp7czozOiJ1cmwiO3M6NjE6Imh0dHBzOi8veHViYXguY29tL3Byb2R1eC9wdWJsaWMvQXBpL0xpZnRBbmRMZWFybi9nZXRBY3Rpb24vMTkiO31zOjY6Il9mbGFzaCI7YToyOntzOjM6Im9sZCI7YTowOnt9czozOiJuZXciO2E6MDp7fX19',1621875290),('xyMMpZMnzJARDzzzwFwKHkger3z6M47Hh6ujRVgd',NULL,'189.203.100.183','','YTozOntzOjY6Il90b2tlbiI7czo0MDoia3I4bnJsNzFTT25zdVNheEp4SFFac2o0cUxhOUdTM1JrN1Jhazc4SyI7czo5OiJfcHJldmlvdXMiO2E6MTp7czozOiJ1cmwiO3M6NjE6Imh0dHBzOi8veHViYXguY29tL3Byb2R1eC9wdWJsaWMvQXBpL0xpZnRBbmRMZWFybi9nZXRBY3Rpb24vMTgiO31zOjY6Il9mbGFzaCI7YToyOntzOjM6Im9sZCI7YTowOnt9czozOiJuZXciO2E6MDp7fX19',1621875187),('Y4YHOs740SvazkCEM5J9FttcvpUJMAgM3Ds4FO5X',NULL,'189.203.100.183','','YTozOntzOjY6Il90b2tlbiI7czo0MDoidU5TazRNT0d0UU82aGxiUlBmVklaQ09WemdyTTVjOXVsTzJzbndhYiI7czo5OiJfcHJldmlvdXMiO2E6MTp7czozOiJ1cmwiO3M6NjE6Imh0dHBzOi8veHViYXguY29tL3Byb2R1eC9wdWJsaWMvQXBpL0xpZnRBbmRMZWFybi9nZXRBY3Rpb24vMTkiO31zOjY6Il9mbGFzaCI7YToyOntzOjM6Im9sZCI7YTowOnt9czozOiJuZXciO2E6MDp7fX19',1621875385),('YB9p0EPFRTq6mbaNGwtbflH5fu0GTWTYFnodawnF',NULL,'189.203.100.183','','YTozOntzOjY6Il90b2tlbiI7czo0MDoiemFKbTRha2xyaE1iMUJxeW40b3VJMU4xTzZTNHFQWWhTd20zdW56WSI7czo5OiJfcHJldmlvdXMiO2E6MTp7czozOiJ1cmwiO3M6NjE6Imh0dHBzOi8veHViYXguY29tL3Byb2R1eC9wdWJsaWMvQXBpL0xpZnRBbmRMZWFybi9nZXRBY3Rpb24vMTYiO31zOjY6Il9mbGFzaCI7YToyOntzOjM6Im9sZCI7YTowOnt9czozOiJuZXciO2E6MDp7fX19',1621875320),('YBBKDW5fTkvnfFWHJRNLh0hVg7vxt7IZwo85zEb4',NULL,'189.203.100.183','','YTozOntzOjY6Il90b2tlbiI7czo0MDoiclZDQ0NDN0o2R3hyZTZaZGp6cUxXT0ZMdGtZOG1UYTI1cFNqY1RxcyI7czo5OiJfcHJldmlvdXMiO2E6MTp7czozOiJ1cmwiO3M6NjE6Imh0dHBzOi8veHViYXguY29tL3Byb2R1eC9wdWJsaWMvQXBpL0xpZnRBbmRMZWFybi9nZXRBY3Rpb24vMTgiO31zOjY6Il9mbGFzaCI7YToyOntzOjM6Im9sZCI7YTowOnt9czozOiJuZXciO2E6MDp7fX19',1621875064),('ydcEyA9IpgvL7fkPa9ALLd2ENFcA5xlQqdMyQf4i',NULL,'189.203.100.183','','YTozOntzOjY6Il90b2tlbiI7czo0MDoiWTZsTVpGVVNrQVc4T3o3bk5MYk9VV1VDVjM4bHpPSWlIaGNiemJ5TSI7czo5OiJfcHJldmlvdXMiO2E6MTp7czozOiJ1cmwiO3M6NjE6Imh0dHBzOi8veHViYXguY29tL3Byb2R1eC9wdWJsaWMvQXBpL0xpZnRBbmRMZWFybi9nZXREYXRhc2V0LzkiO31zOjY6Il9mbGFzaCI7YToyOntzOjM6Im9sZCI7YTowOnt9czozOiJuZXciO2E6MDp7fX19',1621875156),('YDybVHEszLCSd59y6TBqZ2X6Ml4kIW5D5z7bSPBW',NULL,'189.203.100.183','','YTozOntzOjY6Il90b2tlbiI7czo0MDoiZkpDWVZyaVpkWGlmUDVlVnNpOWZ3T1o3M2w1Rk9EUE13V3FHcnJWOCI7czo5OiJfcHJldmlvdXMiO2E6MTp7czozOiJ1cmwiO3M6NjE6Imh0dHBzOi8veHViYXguY29tL3Byb2R1eC9wdWJsaWMvQXBpL0xpZnRBbmRMZWFybi9nZXRBY3Rpb24vMTkiO31zOjY6Il9mbGFzaCI7YToyOntzOjM6Im9sZCI7YTowOnt9czozOiJuZXciO2E6MDp7fX19',1621875364),('yf6XnfcGsZbm8Syiocn1PZCKYtTL3wyjRCXDzrWH',NULL,'189.203.100.183','','YTozOntzOjY6Il90b2tlbiI7czo0MDoiTk5DcUV1RXVtQk42YkVXTU5panZuajJGUzQyOWxaTHNaNVhuZnROTSI7czo5OiJfcHJldmlvdXMiO2E6MTp7czozOiJ1cmwiO3M6NjE6Imh0dHBzOi8veHViYXguY29tL3Byb2R1eC9wdWJsaWMvQXBpL0xpZnRBbmRMZWFybi9nZXRBY3Rpb24vMTgiO31zOjY6Il9mbGFzaCI7YToyOntzOjM6Im9sZCI7YTowOnt9czozOiJuZXciO2E6MDp7fX19',1621875323),('YKzcnff3WhWPFJxvVoQnnZgNR0naJfFVG2kNCTV1',NULL,'189.203.100.183','','YTozOntzOjY6Il90b2tlbiI7czo0MDoiNHJTTTdvUmxERGxLdVNBdjg0Z1czdTRnNU1VTXYxb1g3MndJOE1VaSI7czo5OiJfcHJldmlvdXMiO2E6MTp7czozOiJ1cmwiO3M6NjE6Imh0dHBzOi8veHViYXguY29tL3Byb2R1eC9wdWJsaWMvQXBpL0xpZnRBbmRMZWFybi9nZXRBY3Rpb24vMTkiO31zOjY6Il9mbGFzaCI7YToyOntzOjM6Im9sZCI7YTowOnt9czozOiJuZXciO2E6MDp7fX19',1621875181),('YM8TdLLSRKMq08MalA4WckaPNdrbvKWPMjxAQwkz',NULL,'189.203.100.183','','YTozOntzOjY6Il90b2tlbiI7czo0MDoibXZYT1lWRjlwalBya1Z4d2VPR0FWMHp4c0QwN2p3MzRHUUxFb2ZKNCI7czo5OiJfcHJldmlvdXMiO2E6MTp7czozOiJ1cmwiO3M6NjE6Imh0dHBzOi8veHViYXguY29tL3Byb2R1eC9wdWJsaWMvQXBpL0xpZnRBbmRMZWFybi9nZXRBY3Rpb24vMTkiO31zOjY6Il9mbGFzaCI7YToyOntzOjM6Im9sZCI7YTowOnt9czozOiJuZXciO2E6MDp7fX19',1621875256),('YmsmQbgpzIMftzkRkKsgaeXaMrIXvwFGSscfeNcC',NULL,'189.203.100.183','','YTozOntzOjY6Il90b2tlbiI7czo0MDoiT2oyRWl6U3JrSTluS0JabHJCYnNLdkw0SkFIeGhvREducDlpa25kRSI7czo5OiJfcHJldmlvdXMiO2E6MTp7czozOiJ1cmwiO3M6NjE6Imh0dHBzOi8veHViYXguY29tL3Byb2R1eC9wdWJsaWMvQXBpL0xpZnRBbmRMZWFybi9nZXRBY3Rpb24vMTkiO31zOjY6Il9mbGFzaCI7YToyOntzOjM6Im9sZCI7YTowOnt9czozOiJuZXciO2E6MDp7fX19',1621875106),('YowoUf9KYGh0JNaSX1OlOaTOQEdKjIveiywveQLG',NULL,'189.203.100.183','','YTozOntzOjY6Il90b2tlbiI7czo0MDoiNFVLbGp4MWxxZ1dJQXFoQUlKWm1KUmdROUpYMk1aRmQyRWlhVlB3eSI7czo5OiJfcHJldmlvdXMiO2E6MTp7czozOiJ1cmwiO3M6NjE6Imh0dHBzOi8veHViYXguY29tL3Byb2R1eC9wdWJsaWMvQXBpL0xpZnRBbmRMZWFybi9nZXRBY3Rpb24vMTkiO31zOjY6Il9mbGFzaCI7YToyOntzOjM6Im9sZCI7YTowOnt9czozOiJuZXciO2E6MDp7fX19',1621875378),('yqQ8LkGZPaZ0UvymD1Mf2yLR1x4CKh8xrXuXMbIC',NULL,'189.203.100.183','','YTozOntzOjY6Il90b2tlbiI7czo0MDoiWDRUUmlVdG1jTFVjejYxU2doSGFCN3FJOUpMOHlkTW9UM2paU0dwaCI7czo5OiJfcHJldmlvdXMiO2E6MTp7czozOiJ1cmwiO3M6NjE6Imh0dHBzOi8veHViYXguY29tL3Byb2R1eC9wdWJsaWMvQXBpL0xpZnRBbmRMZWFybi9nZXRBY3Rpb24vMTYiO31zOjY6Il9mbGFzaCI7YToyOntzOjM6Im9sZCI7YTowOnt9czozOiJuZXciO2E6MDp7fX19',1621875177),('yV572y4g5BwH5ohKp3Q4NSIuSILXN3UozzS4mHnO',NULL,'189.203.100.183','','YTozOntzOjY6Il90b2tlbiI7czo0MDoiZlM2bXJKOUo3M0x1bWplWjFMS2xrRlljRU9tUkZJSDlsRFRXbk1vbSI7czo5OiJfcHJldmlvdXMiO2E6MTp7czozOiJ1cmwiO3M6NjE6Imh0dHBzOi8veHViYXguY29tL3Byb2R1eC9wdWJsaWMvQXBpL0xpZnRBbmRMZWFybi9nZXRBY3Rpb24vMTgiO31zOjY6Il9mbGFzaCI7YToyOntzOjM6Im9sZCI7YTowOnt9czozOiJuZXciO2E6MDp7fX19',1621875383),('YVa19EDkUAuttvwGRF08KaHmvdfFprtyPTY8YRZK',NULL,'189.203.100.183','','YTozOntzOjY6Il90b2tlbiI7czo0MDoieE5pWGpsbGtlZjhPd0dnSUNrT1RjN0ZRTFl2bnljM3Z6bk5UYTY1SiI7czo5OiJfcHJldmlvdXMiO2E6MTp7czozOiJ1cmwiO3M6NjE6Imh0dHBzOi8veHViYXguY29tL3Byb2R1eC9wdWJsaWMvQXBpL0xpZnRBbmRMZWFybi9nZXRBY3Rpb24vMTgiO31zOjY6Il9mbGFzaCI7YToyOntzOjM6Im9sZCI7YTowOnt9czozOiJuZXciO2E6MDp7fX19',1621875315),('YXETllGkOI23zJ4xJOmbvYy5r4enp27NXa3ARS5C',NULL,'189.203.100.183','','YTozOntzOjY6Il90b2tlbiI7czo0MDoiQ0NMUDQ0bVhPYnVUWktyU1ZQQ3l5WDF4dzcxdnRyczhvdUhnMWlYVyI7czo5OiJfcHJldmlvdXMiO2E6MTp7czozOiJ1cmwiO3M6NjE6Imh0dHBzOi8veHViYXguY29tL3Byb2R1eC9wdWJsaWMvQXBpL0xpZnRBbmRMZWFybi9nZXRBY3Rpb24vMTYiO31zOjY6Il9mbGFzaCI7YToyOntzOjM6Im9sZCI7YTowOnt9czozOiJuZXciO2E6MDp7fX19',1621875129),('z7lPQ8I3kZg196XQdaeNd8XaTI0YBm5Pw0bNxzHr',NULL,'189.203.100.183','','YTozOntzOjY6Il90b2tlbiI7czo0MDoiMDRkZEQ3Q25Fd2V3eDRPWndZaEZiNERUY2JkNG5EMGhOMm83S3NNWSI7czo5OiJfcHJldmlvdXMiO2E6MTp7czozOiJ1cmwiO3M6NjE6Imh0dHBzOi8veHViYXguY29tL3Byb2R1eC9wdWJsaWMvQXBpL0xpZnRBbmRMZWFybi9nZXREYXRhc2V0LzkiO31zOjY6Il9mbGFzaCI7YToyOntzOjM6Im9sZCI7YTowOnt9czozOiJuZXciO2E6MDp7fX19',1621875305),('zadFORo4FApFLO5RuwJDgAOVbYhJTSpDPmBI3JTN',NULL,'189.203.100.183','','YTozOntzOjY6Il90b2tlbiI7czo0MDoiQWV0M2Y2V21BSUlMR3VScEt5M1RvMllGQ2duNDg4dXB5cFNXS0NHayI7czo5OiJfcHJldmlvdXMiO2E6MTp7czozOiJ1cmwiO3M6NjE6Imh0dHBzOi8veHViYXguY29tL3Byb2R1eC9wdWJsaWMvQXBpL0xpZnRBbmRMZWFybi9nZXRBY3Rpb24vMTgiO31zOjY6Il9mbGFzaCI7YToyOntzOjM6Im9sZCI7YTowOnt9czozOiJuZXciO2E6MDp7fX19',1621875071),('ZArqP9yQx6nqtQWuGpxrEEbwn9PL3c0xDlxpWbl8',NULL,'189.203.100.183','','YTozOntzOjY6Il90b2tlbiI7czo0MDoiSEt6c2p1MnllYldkaldYYWh2WjNvTU9sUG5QRlRrVnIxUkNEYXRrciI7czo5OiJfcHJldmlvdXMiO2E6MTp7czozOiJ1cmwiO3M6NjE6Imh0dHBzOi8veHViYXguY29tL3Byb2R1eC9wdWJsaWMvQXBpL0xpZnRBbmRMZWFybi9nZXREYXRhc2V0LzkiO31zOjY6Il9mbGFzaCI7YToyOntzOjM6Im9sZCI7YTowOnt9czozOiJuZXciO2E6MDp7fX19',1621875040),('zcrEBC38S5yCDaNTbE2B4UJzVp21zVZ9uQGrQ3bi',NULL,'189.203.100.183','','YTozOntzOjY6Il90b2tlbiI7czo0MDoiRzlvOVRPOXVnQ0lDdDZweThmaUN4TVNibTFBcUJoTlhQVzVHdXl0OCI7czo5OiJfcHJldmlvdXMiO2E6MTp7czozOiJ1cmwiO3M6NjE6Imh0dHBzOi8veHViYXguY29tL3Byb2R1eC9wdWJsaWMvQXBpL0xpZnRBbmRMZWFybi9nZXRBY3Rpb24vMTkiO31zOjY6Il9mbGFzaCI7YToyOntzOjM6Im9sZCI7YTowOnt9czozOiJuZXciO2E6MDp7fX19',1621875229),('Ze4ibT7D7XPpm9Dv8oaK3JDbVxPKUzJCQSxeSZUl',NULL,'189.203.100.183','','YTozOntzOjY6Il90b2tlbiI7czo0MDoiRElJVVF2TmlSMnRKa1Fsand4SzBIbVQySWZiakRHSDB1QUc3RDJTaiI7czo5OiJfcHJldmlvdXMiO2E6MTp7czozOiJ1cmwiO3M6NjE6Imh0dHBzOi8veHViYXguY29tL3Byb2R1eC9wdWJsaWMvQXBpL0xpZnRBbmRMZWFybi9nZXRBY3Rpb24vMTciO31zOjY6Il9mbGFzaCI7YToyOntzOjM6Im9sZCI7YTowOnt9czozOiJuZXciO2E6MDp7fX19',1621875179),('zEiAhNOBKxAB1WauIgrQet2KqYKy9JKQNV5tc7ci',NULL,'189.203.100.183','','YTozOntzOjY6Il90b2tlbiI7czo0MDoidmhJUnhtNzNpM3M5cjdYdGlmcEp4d1g5cmlsbk54QTNJOUF6M2xNciI7czo5OiJfcHJldmlvdXMiO2E6MTp7czozOiJ1cmwiO3M6NjE6Imh0dHBzOi8veHViYXguY29tL3Byb2R1eC9wdWJsaWMvQXBpL0xpZnRBbmRMZWFybi9nZXRBY3Rpb24vMTciO31zOjY6Il9mbGFzaCI7YToyOntzOjM6Im9sZCI7YTowOnt9czozOiJuZXciO2E6MDp7fX19',1621875049),('ZhjkYwzCtwLpguQzv8YXzRioA6Y1ChoTVDN6IsDA',1,'192.168.1.132','Mozilla/5.0 (Windows NT 10.0; Win64; x64) AppleWebKit/537.36 (KHTML, like Gecko) Chrome/90.0.4430.212 Safari/537.36','YTo2OntzOjY6Il90b2tlbiI7czo0MDoiTEttaG12NkJCa1VES3lacGxCZHBwTlg5dVdNejh6alczbVpKNzhnViI7czo5OiJfcHJldmlvdXMiO2E6MTp7czozOiJ1cmwiO3M6MzU6Imh0dHA6Ly8xOTIuMTY4LjEuMTMyOjgwMDAvRGFzaGJvYXJkIjt9czo2OiJfZmxhc2giO2E6Mjp7czozOiJvbGQiO2E6MDp7fXM6MzoibmV3IjthOjA6e319czo1MDoibG9naW5fd2ViXzU5YmEzNmFkZGMyYjJmOTQwMTU4MGYwMTRjN2Y1OGVhNGUzMDk4OWQiO2k6MTtzOjE3OiJwYXNzd29yZF9oYXNoX3dlYiI7czo2MDoiJDJ5JDEwJFZVaWRBZEtoUThBZG8wQXlTdy9wei5aU0FNeFovQTI4UTZVaFFaTklELzlLcW1zTlFqcGUyIjtzOjIxOiJwYXNzd29yZF9oYXNoX3NhbmN0dW0iO3M6NjA6IiQyeSQxMCRWVWlkQWRLaFE4QWRvMEF5U3cvcHouWlNBTXhaL0EyOFE2VWhRWk5JRC85S3Ftc05RanBlMiI7fQ==',1621875049),('ZImOpqAfT1btPT8EPiyqtuIzYfrtg2nr27jmcdL4',NULL,'189.203.100.183','','YTozOntzOjY6Il90b2tlbiI7czo0MDoiRVNXaExxMGpud3ljTDcxdHl5akxYN2pyVjRKSXdqNFFkTWFkVW9rcyI7czo5OiJfcHJldmlvdXMiO2E6MTp7czozOiJ1cmwiO3M6NjE6Imh0dHBzOi8veHViYXguY29tL3Byb2R1eC9wdWJsaWMvQXBpL0xpZnRBbmRMZWFybi9nZXRBY3Rpb24vMTYiO31zOjY6Il9mbGFzaCI7YToyOntzOjM6Im9sZCI7YTowOnt9czozOiJuZXciO2E6MDp7fX19',1621875252),('ZLc0RR4rvoyZKvE1uuRPyYa40zS9XMCrEEBKxZ3x',NULL,'189.203.100.183','','YTozOntzOjY6Il90b2tlbiI7czo0MDoiaEhwV2lJTGoxRVFBdkxLWW9ZNmpVeTJydU01OHN5Y0Z0OFpWMnY1eiI7czo5OiJfcHJldmlvdXMiO2E6MTp7czozOiJ1cmwiO3M6NjE6Imh0dHBzOi8veHViYXguY29tL3Byb2R1eC9wdWJsaWMvQXBpL0xpZnRBbmRMZWFybi9nZXRBY3Rpb24vMTkiO31zOjY6Il9mbGFzaCI7YToyOntzOjM6Im9sZCI7YTowOnt9czozOiJuZXciO2E6MDp7fX19',1621875215),('ZTPZiTlXmeTKbxXBU73YGrxNFhpO0D1IjzwAfo1C',NULL,'189.203.100.183','','YTozOntzOjY6Il90b2tlbiI7czo0MDoiS2dtU1BXVzF2MnJKbGVGZXNoNTlxekt6YzZPSDlsU3dLOG4xY1Z2TiI7czo5OiJfcHJldmlvdXMiO2E6MTp7czozOiJ1cmwiO3M6NjE6Imh0dHBzOi8veHViYXguY29tL3Byb2R1eC9wdWJsaWMvQXBpL0xpZnRBbmRMZWFybi9nZXRBY3Rpb24vMTYiO31zOjY6Il9mbGFzaCI7YToyOntzOjM6Im9sZCI7YTowOnt9czozOiJuZXciO2E6MDp7fX19',1621875048),('ZxVzM1a460hucQKw39Shi61Hv0LLAMAGtpvNzFD7',NULL,'189.203.100.183','','YTozOntzOjY6Il90b2tlbiI7czo0MDoiQUFvZDZOcU1pdG5ZUjk5VU5iZVZPbk92cHBUMEdMTXMxdjhzUHNGdyI7czo5OiJfcHJldmlvdXMiO2E6MTp7czozOiJ1cmwiO3M6NjE6Imh0dHBzOi8veHViYXguY29tL3Byb2R1eC9wdWJsaWMvQXBpL0xpZnRBbmRMZWFybi9nZXRBY3Rpb24vMTYiO31zOjY6Il9mbGFzaCI7YToyOntzOjM6Im9sZCI7YTowOnt9czozOiJuZXciO2E6MDp7fX19',1621875136),('ZZ3idWNkxekp50lFvCDfztdSK7aBodN1UdecwTXf',NULL,'189.203.100.183','','YTozOntzOjY6Il90b2tlbiI7czo0MDoiYTNLRUJLWG9iZnU0N1NNdW9KbWVsMzlJY1VhSHhsZ1M3SWtYbEdPdiI7czo5OiJfcHJldmlvdXMiO2E6MTp7czozOiJ1cmwiO3M6NjE6Imh0dHBzOi8veHViYXguY29tL3Byb2R1eC9wdWJsaWMvQXBpL0xpZnRBbmRMZWFybi9nZXREYXRhc2V0LzkiO31zOjY6Il9mbGFzaCI7YToyOntzOjM6Im9sZCI7YTowOnt9czozOiJuZXciO2E6MDp7fX19',1621875386);
/*!40000 ALTER TABLE `sessions` ENABLE KEYS */;
UNLOCK TABLES;

--
-- Table structure for table `team_invitations`
--

DROP TABLE IF EXISTS `team_invitations`;
/*!40101 SET @saved_cs_client     = @@character_set_client */;
/*!40101 SET character_set_client = utf8 */;
CREATE TABLE `team_invitations` (
  `id` bigint(20) unsigned NOT NULL AUTO_INCREMENT,
  `team_id` bigint(20) unsigned NOT NULL,
  `email` varchar(255) COLLATE utf8mb4_unicode_ci NOT NULL,
  `role` varchar(255) COLLATE utf8mb4_unicode_ci DEFAULT NULL,
  `created_at` timestamp NULL DEFAULT NULL,
  `updated_at` timestamp NULL DEFAULT NULL,
  PRIMARY KEY (`id`),
  UNIQUE KEY `team_invitations_team_id_email_unique` (`team_id`,`email`),
  CONSTRAINT `team_invitations_team_id_foreign` FOREIGN KEY (`team_id`) REFERENCES `teams` (`id`) ON DELETE CASCADE
) ENGINE=InnoDB DEFAULT CHARSET=utf8mb4 COLLATE=utf8mb4_unicode_ci;
/*!40101 SET character_set_client = @saved_cs_client */;

--
-- Dumping data for table `team_invitations`
--

LOCK TABLES `team_invitations` WRITE;
/*!40000 ALTER TABLE `team_invitations` DISABLE KEYS */;
/*!40000 ALTER TABLE `team_invitations` ENABLE KEYS */;
UNLOCK TABLES;

--
-- Table structure for table `team_user`
--

DROP TABLE IF EXISTS `team_user`;
/*!40101 SET @saved_cs_client     = @@character_set_client */;
/*!40101 SET character_set_client = utf8 */;
CREATE TABLE `team_user` (
  `id` bigint(20) unsigned NOT NULL AUTO_INCREMENT,
  `team_id` bigint(20) unsigned NOT NULL,
  `user_id` bigint(20) unsigned NOT NULL,
  `role` varchar(255) COLLATE utf8mb4_unicode_ci DEFAULT NULL,
  `created_at` timestamp NULL DEFAULT NULL,
  `updated_at` timestamp NULL DEFAULT NULL,
  PRIMARY KEY (`id`),
  UNIQUE KEY `team_user_team_id_user_id_unique` (`team_id`,`user_id`)
) ENGINE=InnoDB AUTO_INCREMENT=5 DEFAULT CHARSET=utf8mb4 COLLATE=utf8mb4_unicode_ci;
/*!40101 SET character_set_client = @saved_cs_client */;

--
-- Dumping data for table `team_user`
--

LOCK TABLES `team_user` WRITE;
/*!40000 ALTER TABLE `team_user` DISABLE KEYS */;
INSERT INTO `team_user` VALUES (1,1,4,'monitor','2021-04-01 02:48:17','2021-04-06 02:29:06'),(2,1,5,'administrador','2021-04-07 03:53:41','2021-04-08 00:11:57'),(4,1,2,'administrador','2021-04-08 01:18:47','2021-04-08 01:18:47');
/*!40000 ALTER TABLE `team_user` ENABLE KEYS */;
UNLOCK TABLES;

--
-- Table structure for table `teams`
--

DROP TABLE IF EXISTS `teams`;
/*!40101 SET @saved_cs_client     = @@character_set_client */;
/*!40101 SET character_set_client = utf8 */;
CREATE TABLE `teams` (
  `id` bigint(20) unsigned NOT NULL AUTO_INCREMENT,
  `user_id` bigint(20) unsigned NOT NULL,
  `name` varchar(255) COLLATE utf8mb4_unicode_ci NOT NULL,
  `personal_team` tinyint(1) NOT NULL,
  `created_at` timestamp NULL DEFAULT NULL,
  `updated_at` timestamp NULL DEFAULT NULL,
  PRIMARY KEY (`id`),
  KEY `teams_user_id_index` (`user_id`)
) ENGINE=InnoDB AUTO_INCREMENT=6 DEFAULT CHARSET=utf8mb4 COLLATE=utf8mb4_unicode_ci;
/*!40101 SET character_set_client = @saved_cs_client */;

--
-- Dumping data for table `teams`
--

LOCK TABLES `teams` WRITE;
/*!40000 ALTER TABLE `teams` DISABLE KEYS */;
INSERT INTO `teams` VALUES (1,1,'Telcel Demo',1,NULL,'2021-04-19 20:46:06'),(3,4,'Grupo personal de Isacc',1,'2021-03-31 07:08:55','2021-03-31 07:08:55'),(4,5,'Grupo personal de Fernando',1,'2021-04-07 03:53:11','2021-04-07 03:53:11'),(5,1,'Anello',0,'2021-04-07 23:09:44','2021-04-07 23:09:44');
/*!40000 ALTER TABLE `teams` ENABLE KEYS */;
UNLOCK TABLES;

--
-- Table structure for table `users`
--

DROP TABLE IF EXISTS `users`;
/*!40101 SET @saved_cs_client     = @@character_set_client */;
/*!40101 SET character_set_client = utf8 */;
CREATE TABLE `users` (
  `id` bigint(20) unsigned NOT NULL AUTO_INCREMENT,
  `name` varchar(255) COLLATE utf8mb4_unicode_ci NOT NULL,
  `email` varchar(255) COLLATE utf8mb4_unicode_ci NOT NULL,
  `email_verified_at` timestamp NULL DEFAULT NULL,
  `password` varchar(255) COLLATE utf8mb4_unicode_ci NOT NULL,
  `two_factor_secret` text COLLATE utf8mb4_unicode_ci DEFAULT NULL,
  `two_factor_recovery_codes` text COLLATE utf8mb4_unicode_ci DEFAULT NULL,
  `remember_token` varchar(100) COLLATE utf8mb4_unicode_ci DEFAULT NULL,
  `current_team_id` bigint(20) unsigned DEFAULT NULL,
  `profile_photo_path` text COLLATE utf8mb4_unicode_ci DEFAULT NULL,
  `created_at` timestamp NULL DEFAULT NULL,
  `updated_at` timestamp NULL DEFAULT NULL,
  PRIMARY KEY (`id`),
  UNIQUE KEY `users_email_unique` (`email`)
) ENGINE=InnoDB AUTO_INCREMENT=6 DEFAULT CHARSET=utf8mb4 COLLATE=utf8mb4_unicode_ci;
/*!40101 SET character_set_client = @saved_cs_client */;

--
-- Dumping data for table `users`
--

LOCK TABLES `users` WRITE;
/*!40000 ALTER TABLE `users` DISABLE KEYS */;
INSERT INTO `users` VALUES (1,'Administrador','admin@gmail.com',NULL,'$2y$10$VUidAdKhQ8Ado0AySw/pz.ZSAMxZ/A28Q6UhQZNID/9KqmsNQjpe2',NULL,NULL,NULL,1,NULL,'2021-03-31 04:44:20','2021-04-09 03:05:19'),(5,'Fernando Isacc Carranza Salazar','16121015@morelia.tecnm.mx',NULL,'$2y$10$eBCKc/wpilb9sDu0gVI8nuDnzwmC2B60hfnGYMLFRRbI.jQfWieTa',NULL,NULL,NULL,1,NULL,'2021-04-07 03:53:11','2021-04-07 04:13:36');
/*!40000 ALTER TABLE `users` ENABLE KEYS */;
UNLOCK TABLES;
/*!40103 SET TIME_ZONE=@OLD_TIME_ZONE */;

/*!40101 SET SQL_MODE=@OLD_SQL_MODE */;
/*!40014 SET FOREIGN_KEY_CHECKS=@OLD_FOREIGN_KEY_CHECKS */;
/*!40014 SET UNIQUE_CHECKS=@OLD_UNIQUE_CHECKS */;
/*!40101 SET CHARACTER_SET_CLIENT=@OLD_CHARACTER_SET_CLIENT */;
/*!40101 SET CHARACTER_SET_RESULTS=@OLD_CHARACTER_SET_RESULTS */;
/*!40101 SET COLLATION_CONNECTION=@OLD_COLLATION_CONNECTION */;
/*!40111 SET SQL_NOTES=@OLD_SQL_NOTES */;

-- Dump completed on 2021-05-24 11:56:53
